"Genus","Community","KSM","Prevalence","Detected_samples","Mean_relative_abundance_percent","Is_anti_Bd","Bootstrap_median","Bootstrap_CI_low","Bootstrap_CI_high","Top10_frequency","Top20_frequency","Bootstrap_iterations","KSM_rank","ANCOMBC2_robust_FDR05","ANCOMBC2_q","ALDEx2_q","ALDEx2_FDR05","Method_agreement","Cross_method_support","Display_genus","Plot_genus"
"Actinomycetospora","Whole community",0.791016548463357,0.893617021276596,42,1.45284028018109,FALSE,0.818754925137904,0.72167060677699,0.913317572892041,0.956,0.993,1000,1,TRUE,6.78285244945724e-11,1.76708413020742e-05,TRUE,"Both","ANCOM-BC2 + ALDEx2","Actinomycetospora","Whole community___Actinomycetospora"
"Unclassified_Bacteria","Whole community",0.760756501182033,1,47,11.0584441595143,TRUE,0.805910165484634,0.670043341213554,0.90849487785658,0.907,0.97,1000,2,TRUE,1.61371629462528e-07,0.0235752912533015,TRUE,"Both","ANCOM-BC2 + ALDEx2","Uncl. Bacteria","Whole community___Uncl. Bacteria"
"Methylocella","Whole community",0.759416863672183,0.851063829787234,40,0.980463529466492,FALSE,0.776044129235618,0.714365642237983,0.846335697399527,0.943,1,1000,3,TRUE,3.01282960495093e-06,0.00808520356965151,TRUE,"Both","ANCOM-BC2 + ALDEx2","Methylocella","Whole community___Methylocella"
"Mycobacterium","Whole community",0.758234830575256,0.851063829787234,40,0.718852797906064,FALSE,0.78408195429472,0.68941292356186,0.875732860520095,0.91,0.986,1000,4,TRUE,1.95973667659131e-06,0.0102842553184371,TRUE,"Both","ANCOM-BC2 + ALDEx2","Mycobacterium","Whole community___Mycobacterium"
"Jatrophihabitans","Whole community",0.70882584712372,0.851063829787234,40,0.863740255215015,FALSE,0.747911741528763,0.666503152088258,0.843829787234042,0.756,0.951,1000,5,TRUE,2.49633173197384e-08,0.00694584603752513,TRUE,"Both","ANCOM-BC2 + ALDEx2","Jatrophihabitans","Whole community___Jatrophihabitans"
"Conexibacter","Whole community",0.705279747832939,0.765957446808511,36,0.570524262385263,FALSE,0.733018124507486,0.631873522458629,0.838100866824271,0.598,0.853,1000,6,TRUE,1.61371629462528e-07,0.00658473053736294,TRUE,"Both","ANCOM-BC2 + ALDEx2","Conexibacter","Whole community___Conexibacter"
"Acinetobacter","Whole community",0.692277383766745,1,47,2.93302449793071,TRUE,0.746178092986604,0.628406225374311,0.856753349093775,0.672,0.882,1000,7,TRUE,7.25611482332861e-12,0.000143579280604393,TRUE,"Both","ANCOM-BC2 + ALDEx2","Acinetobacter","Whole community___Acinetobacter"
"Acidibacter","Whole community",0.689125295508274,0.574468085106383,27,0.0980268610800017,FALSE,0.707407407407407,0.619539007092199,0.79718085106383,0.416,0.716,1000,8,FALSE,NA,0.00735335871029517,TRUE,"ALDEx2 only","ALDEx2 only","Acidibacter","Whole community___Acidibacter"
"Methylobacterium-Methylorubrum","Whole community",0.653585500394011,1,47,1.95470123335793,FALSE,0.710520094562648,0.614558707643814,0.819950748620962,0.412,0.729,1000,9,TRUE,1.61292962733545e-08,0.000856377192669841,TRUE,"Both","ANCOM-BC2 + ALDEx2","Methylobacterium-Methylorubrum","Whole community___Methylobacterium-Methylorubrum"
"Amnibacterium","Whole community",0.651694247438928,0.74468085106383,35,0.204556633563229,TRUE,0.676674546887313,0.585839243498818,0.794625689519306,0.233,0.498,1000,10,FALSE,NA,0.00636802178556398,TRUE,"ALDEx2 only","ALDEx2 only","Amnibacterium","Whole community___Amnibacterium"
"Unclassified_Micromonosporaceae","Whole community",0.642553191489362,0.595744680851064,28,0.145167794816891,FALSE,0.661465721040189,0.567531520882585,0.755246256895193,0.117,0.392,1000,11,FALSE,NA,0.0101664489444064,TRUE,"ALDEx2 only","ALDEx2 only","Uncl. Micromonosporaceae","Whole community___Uncl. Micromonosporaceae"
"1174-901-12","Whole community",0.623719464144996,0.936170212765957,44,1.69908660473163,FALSE,0.686209613869188,0.585453112687155,0.793561859732072,0.255,0.552,1000,12,TRUE,1.85795968425809e-10,0.000818566631124549,TRUE,"Both","ANCOM-BC2 + ALDEx2","1174-901-12","Whole community___1174-901-12"
"Unclassified_Bacillaceae","Whole community",0.623089046493302,0.872340425531915,41,0.491721264814917,TRUE,0.667021276595745,0.550027580772262,0.793325453112687,0.165,0.437,1000,13,TRUE,1.10361800697654e-05,0.00169363998286754,TRUE,"Both","ANCOM-BC2 + ALDEx2","Uncl. Bacillaceae","Whole community___Uncl. Bacillaceae"
"Unclassified_67-14","Whole community",0.622773837667455,0.851063829787234,40,0.444705669759426,FALSE,0.66769109535067,0.549403073286052,0.768985421591805,0.142,0.432,1000,14,TRUE,1.61371629462528e-07,0.0556566924191396,FALSE,"ANCOM-BC2 only","ANCOM-BC2 only","Uncl. 67-14","Whole community___Uncl. 67-14"
"Unclassified_Micropepsaceae","Whole community",0.620724980299448,0.553191489361702,26,0.0915999726826307,FALSE,0.659968479117415,0.534667060677699,0.759259259259259,0.097,0.371,1000,15,FALSE,NA,0.0046773249013321,TRUE,"ALDEx2 only","ALDEx2 only","Uncl. Micropepsaceae","Whole community___Uncl. Micropepsaceae"
"Staphylococcus","Whole community",0.611820330969267,1,47,2.35549331481144,TRUE,0.657801418439716,0.571613475177305,0.764253349093775,0.09,0.356,1000,16,TRUE,1.84439661239607e-11,0.000677666097448079,TRUE,"Both","ANCOM-BC2 + ALDEx2","Staphylococcus","Whole community___Staphylococcus"
"Pseudonocardia","Whole community",0.609141055949567,0.936170212765957,44,1.86592431790408,FALSE,0.652442868400315,0.565939716312057,0.748626871552403,0.072,0.295,1000,17,TRUE,4.8661078296323e-09,0.019775841013667,TRUE,"Both","ANCOM-BC2 + ALDEx2","Pseudonocardia","Whole community___Pseudonocardia"
"P3OB-42","Whole community",0.608747044917258,0.702127659574468,33,0.104744750299171,FALSE,0.65086682427108,0.551168242710796,0.753272261623326,0.089,0.297,1000,18,TRUE,0.000388466715298891,0.0228323481240771,TRUE,"Both","ANCOM-BC2 + ALDEx2","P3OB-42","Whole community___P3OB-42"
"Unclassified_Caulobacteraceae","Whole community",0.608510638297872,0.787234042553192,37,0.412528742572328,TRUE,0.66548463356974,0.577513790386131,0.755421591804571,0.097,0.404,1000,19,TRUE,2.9973029037104e-06,0.0110421838468396,TRUE,"Both","ANCOM-BC2 + ALDEx2","Uncl. Caulobacteraceae","Whole community___Uncl. Caulobacteraceae"
"Brachybacterium","Whole community",0.602836879432624,0.531914893617021,25,0.131624696959877,TRUE,0.633687943262411,0.542864460204886,0.729095744680851,0.051,0.218,1000,20,FALSE,NA,0.00110557598099116,TRUE,"ALDEx2 only","ALDEx2 only","Brachybacterium","Whole community___Brachybacterium"
"Staphylococcus","Anti-Bd community",0.6725768321513,0.702127659574468,33,1.16502177896074,TRUE,0.711111111111111,0.636327817178881,0.8026024428684,1,1,1000,1,TRUE,0.00202505604666735,0.00698676237190802,TRUE,"Both","ANCOM-BC2 + ALDEx2","Staphylococcus","Anti-Bd community___Staphylococcus"
"Acinetobacter","Anti-Bd community",0.670921985815603,1,47,2.46459364101025,TRUE,0.720449172576832,0.59596926713948,0.831373128447596,1,1,1000,2,TRUE,1.26132888790166e-08,0.000536377836424157,TRUE,"Both","ANCOM-BC2 + ALDEx2","Acinetobacter","Anti-Bd community___Acinetobacter"
"Amnibacterium","Anti-Bd community",0.638219070133964,0.723404255319149,34,0.195339111963447,TRUE,0.664420803782506,0.558944050433412,0.782927501970055,0.992,1,1000,3,FALSE,NA,0.00166970796019992,TRUE,"ALDEx2 only","ALDEx2 only","Amnibacterium","Anti-Bd community___Amnibacterium"
"Brachybacterium","Anti-Bd community",0.602836879432624,0.531914893617021,25,0.131624696959877,TRUE,0.639440504334121,0.543402285263987,0.731916863672183,0.983,1,1000,4,FALSE,NA,0.00752751661337707,TRUE,"ALDEx2 only","ALDEx2 only","Brachybacterium","Anti-Bd community___Brachybacterium"
"Unclassified_Alcaligenaceae","Anti-Bd community",0.600788022064618,0.51063829787234,24,0.785008710681923,TRUE,0.650669818754925,0.5475768321513,0.746808510638298,0.98,1,1000,5,FALSE,NA,0.000699260023627769,TRUE,"ALDEx2 only","ALDEx2 only","Uncl. Alcaligenaceae","Anti-Bd community___Uncl. Alcaligenaceae"
"Unclassified_Bacillaceae","Anti-Bd community",0.58360914105595,0.829787234042553,39,0.376798849147056,TRUE,0.621473601260835,0.485894405043341,0.754694641449961,0.935,1,1000,6,FALSE,0.25702440623077,0.009613109363817,TRUE,"ALDEx2 only","ALDEx2 only","Uncl. Bacillaceae","Anti-Bd community___Uncl. Bacillaceae"
"Brevibacterium","Anti-Bd community",0.524980299448385,0.48936170212766,23,0.15995877372555,TRUE,0.557683215130024,0.438057525610717,0.661873522458629,0.735,0.994,1000,7,FALSE,NA,0.0456922358675891,TRUE,"ALDEx2 only","ALDEx2 only","Brevibacterium","Anti-Bd community___Brevibacterium"
"Micrococcus","Anti-Bd community",0.508195429472025,0.659574468085106,31,0.283268512884546,TRUE,0.557210401891253,0.429024822695036,0.68165878644602,0.698,0.987,1000,8,FALSE,0.114260351297383,0.0424830914320375,TRUE,"ALDEx2 only","ALDEx2 only","Micrococcus","Anti-Bd community___Micrococcus"
"Pseudomonas","Anti-Bd community",0.455161544523247,0.851063829787234,40,0.603820427403919,TRUE,0.542513790386131,0.386361308116627,0.700557525610717,0.586,0.973,1000,9,TRUE,0.000267092039591147,0.101612480845125,FALSE,"ANCOM-BC2 only","ANCOM-BC2 only","Pseudomonas","Anti-Bd community___Pseudomonas"
"Stenotrophomonas","Anti-Bd community",0.410323089046493,0.702127659574468,33,0.767145444569014,TRUE,0.497832939322301,0.357651694247439,0.6399231678487,0.351,0.934,1000,10,TRUE,0.00775972722175399,0.0871948003206517,FALSE,"ANCOM-BC2 only","ANCOM-BC2 only","Stenotrophomonas","Anti-Bd community___Stenotrophomonas"
"Novosphingobium","Anti-Bd community",0.410086682427108,0.595744680851064,28,0.140380493714845,TRUE,0.482387706855792,0.340717100078802,0.615750591016548,0.242,0.912,1000,11,TRUE,0.0328744093237259,0.171254524937274,FALSE,"ANCOM-BC2 only","ANCOM-BC2 only","Novosphingobium","Anti-Bd community___Novosphingobium"
"Luteibacter","Anti-Bd community",0.404649330181245,0.425531914893617,20,0.0985823837948575,TRUE,0.450551615445232,0.29116036249015,0.621873522458629,0.194,0.754,1000,12,FALSE,NA,0.0808006732175443,FALSE,"Neither","KSM only","Luteibacter","Anti-Bd community___Luteibacter"
"Bosea","Anti-Bd community",0.39558707643814,0.617021276595745,29,0.0887096212061199,TRUE,0.475413711583924,0.322994483845548,0.62128841607565,0.262,0.87,1000,13,FALSE,0.108707549268884,0.0182313661344324,TRUE,"ALDEx2 only","ALDEx2 only","Bosea","Anti-Bd community___Bosea"
"Curtobacterium","Anti-Bd community",0.390149724192277,0.51063829787234,24,0.110020707869042,TRUE,0.482111899133176,0.343719464144996,0.626977935382191,0.276,0.891,1000,14,TRUE,0.00559087236833637,0.0367432039502852,TRUE,"Both","ANCOM-BC2 + ALDEx2","Curtobacterium","Anti-Bd community___Curtobacterium"
"Klebsiella","Anti-Bd community",0.378881008668243,0.404255319148936,19,0.204924591736645,TRUE,0.424822695035461,0.28486012608353,0.563518518518519,0.077,0.662,1000,15,FALSE,NA,0.0308776095737026,TRUE,"ALDEx2 only","ALDEx2 only","Klebsiella","Anti-Bd community___Klebsiella"
"Brevundimonas","Anti-Bd community",0.372655634357762,0.74468085106383,35,0.145752761578584,TRUE,0.459259259259259,0.338205279747833,0.613881008668243,0.151,0.84,1000,16,FALSE,0.270856469919987,0.831653172382481,FALSE,"Neither","KSM only","Brevundimonas","Anti-Bd community___Brevundimonas"
"Streptomyces","Anti-Bd community",0.370764381402679,0.382978723404255,18,0.171447802460172,TRUE,0.435303388494878,0.289909377462569,0.576363278171789,0.074,0.747,1000,17,FALSE,NA,0.053959145795795,FALSE,"Neither","KSM only","Streptomyces","Anti-Bd community___Streptomyces"
"Sphingobacterium","Anti-Bd community",0.370449172576832,0.297872340425532,14,0.241105547847009,TRUE,0.395429472025217,0.238644602048857,0.550518124507486,0.033,0.51,1000,18,FALSE,NA,0.252059639417666,FALSE,"Neither","KSM only","Sphingobacterium","Anti-Bd community___Sphingobacterium"
"Unclassified_Microbacteriaceae","Anti-Bd community",0.36107171000788,0.553191489361702,26,0.0816817510159898,TRUE,0.440819542947203,0.316302206461781,0.582127659574468,0.125,0.752,1000,19,FALSE,NA,0.0711813278774206,FALSE,"Neither","KSM only","Uncl. Microbacteriaceae","Anti-Bd community___Uncl. Microbacteriaceae"
"Unclassified_Comamonadaceae","Anti-Bd community",0.34468085106383,0.48936170212766,23,0.0876385372388315,TRUE,0.432466509062254,0.31072695035461,0.571725768321513,0.091,0.733,1000,20,FALSE,NA,0.471851008831054,FALSE,"Neither","KSM only","Uncl. Comamonadaceae","Anti-Bd community___Uncl. Comamonadaceae"
