"Genus","Community","KSM","Prevalence","Detected_samples","Mean_relative_abundance_percent","Is_anti_Bd","Bootstrap_median","Bootstrap_CI_low","Bootstrap_CI_high","Top10_frequency","Top20_frequency","Bootstrap_iterations","KSM_rank","ANCOMBC2_robust_FDR05","ANCOMBC2_q","ALDEx2_q","ALDEx2_FDR05","Method_agreement","Cross_method_support"
"Actinomycetospora","Whole community",0.791016548463357,0.893617021276596,42,1.45284028018109,FALSE,0.818754925137904,0.72167060677699,0.913317572892041,0.956,0.993,1000,1,TRUE,6.78285244945724e-11,1.76708413020742e-05,TRUE,"Both","ANCOM-BC2 + ALDEx2"
"Unclassified_Bacteria","Whole community",0.760756501182033,1,47,11.0584441595143,TRUE,0.805910165484634,0.670043341213554,0.90849487785658,0.907,0.97,1000,2,TRUE,1.61371629462528e-07,0.0235752912533015,TRUE,"Both","ANCOM-BC2 + ALDEx2"
"Methylocella","Whole community",0.759416863672183,0.851063829787234,40,0.980463529466492,FALSE,0.776044129235618,0.714365642237983,0.846335697399527,0.943,1,1000,3,TRUE,3.01282960495093e-06,0.00808520356965151,TRUE,"Both","ANCOM-BC2 + ALDEx2"
"Mycobacterium","Whole community",0.758234830575256,0.851063829787234,40,0.718852797906064,FALSE,0.78408195429472,0.68941292356186,0.875732860520095,0.91,0.986,1000,4,TRUE,1.95973667659131e-06,0.0102842553184371,TRUE,"Both","ANCOM-BC2 + ALDEx2"
"Jatrophihabitans","Whole community",0.70882584712372,0.851063829787234,40,0.863740255215015,FALSE,0.747911741528763,0.666503152088258,0.843829787234042,0.756,0.951,1000,5,TRUE,2.49633173197384e-08,0.00694584603752513,TRUE,"Both","ANCOM-BC2 + ALDEx2"
"Conexibacter","Whole community",0.705279747832939,0.765957446808511,36,0.570524262385263,FALSE,0.733018124507486,0.631873522458629,0.838100866824271,0.598,0.853,1000,6,TRUE,1.61371629462528e-07,0.00658473053736294,TRUE,"Both","ANCOM-BC2 + ALDEx2"
"Acinetobacter","Whole community",0.692277383766745,1,47,2.93302449793071,TRUE,0.746178092986604,0.628406225374311,0.856753349093775,0.672,0.882,1000,7,TRUE,7.25611482332861e-12,0.000143579280604393,TRUE,"Both","ANCOM-BC2 + ALDEx2"
"Acidibacter","Whole community",0.689125295508274,0.574468085106383,27,0.0980268610800017,FALSE,0.707407407407407,0.619539007092199,0.79718085106383,0.416,0.716,1000,8,FALSE,NA,0.00735335871029517,TRUE,"ALDEx2 only","ALDEx2 only"
"Methylobacterium-Methylorubrum","Whole community",0.653585500394011,1,47,1.95470123335793,FALSE,0.710520094562648,0.614558707643814,0.819950748620962,0.412,0.729,1000,9,TRUE,1.61292962733545e-08,0.000856377192669841,TRUE,"Both","ANCOM-BC2 + ALDEx2"
"Amnibacterium","Whole community",0.651694247438928,0.74468085106383,35,0.204556633563229,TRUE,0.676674546887313,0.585839243498818,0.794625689519306,0.233,0.498,1000,10,FALSE,NA,0.00636802178556398,TRUE,"ALDEx2 only","ALDEx2 only"
"Unclassified_Micromonosporaceae","Whole community",0.642553191489362,0.595744680851064,28,0.145167794816891,FALSE,0.661465721040189,0.567531520882585,0.755246256895193,0.117,0.392,1000,11,FALSE,NA,0.0101664489444064,TRUE,"ALDEx2 only","ALDEx2 only"
"1174-901-12","Whole community",0.623719464144996,0.936170212765957,44,1.69908660473163,FALSE,0.686209613869188,0.585453112687155,0.793561859732072,0.255,0.552,1000,12,TRUE,1.85795968425809e-10,0.000818566631124549,TRUE,"Both","ANCOM-BC2 + ALDEx2"
"Unclassified_Bacillaceae","Whole community",0.623089046493302,0.872340425531915,41,0.491721264814917,TRUE,0.667021276595745,0.550027580772262,0.793325453112687,0.165,0.437,1000,13,TRUE,1.10361800697654e-05,0.00169363998286754,TRUE,"Both","ANCOM-BC2 + ALDEx2"
"Unclassified_67-14","Whole community",0.622773837667455,0.851063829787234,40,0.444705669759426,FALSE,0.66769109535067,0.549403073286052,0.768985421591805,0.142,0.432,1000,14,TRUE,1.61371629462528e-07,0.0556566924191396,FALSE,"ANCOM-BC2 only","ANCOM-BC2 only"
"Unclassified_Micropepsaceae","Whole community",0.620724980299448,0.553191489361702,26,0.0915999726826307,FALSE,0.659968479117415,0.534667060677699,0.759259259259259,0.097,0.371,1000,15,FALSE,NA,0.0046773249013321,TRUE,"ALDEx2 only","ALDEx2 only"
"Staphylococcus","Whole community",0.611820330969267,1,47,2.35549331481144,TRUE,0.657801418439716,0.571613475177305,0.764253349093775,0.09,0.356,1000,16,TRUE,1.84439661239607e-11,0.000677666097448079,TRUE,"Both","ANCOM-BC2 + ALDEx2"
"Pseudonocardia","Whole community",0.609141055949567,0.936170212765957,44,1.86592431790408,FALSE,0.652442868400315,0.565939716312057,0.748626871552403,0.072,0.295,1000,17,TRUE,4.8661078296323e-09,0.019775841013667,TRUE,"Both","ANCOM-BC2 + ALDEx2"
"P3OB-42","Whole community",0.608747044917258,0.702127659574468,33,0.104744750299171,FALSE,0.65086682427108,0.551168242710796,0.753272261623326,0.089,0.297,1000,18,TRUE,0.000388466715298891,0.0228323481240771,TRUE,"Both","ANCOM-BC2 + ALDEx2"
"Unclassified_Caulobacteraceae","Whole community",0.608510638297872,0.787234042553192,37,0.412528742572328,TRUE,0.66548463356974,0.577513790386131,0.755421591804571,0.097,0.404,1000,19,TRUE,2.9973029037104e-06,0.0110421838468396,TRUE,"Both","ANCOM-BC2 + ALDEx2"
"Brachybacterium","Whole community",0.602836879432624,0.531914893617021,25,0.131624696959877,TRUE,0.633687943262411,0.542864460204886,0.729095744680851,0.051,0.218,1000,20,FALSE,NA,0.00110557598099116,TRUE,"ALDEx2 only","ALDEx2 only"
"Unclassified_Acetobacteraceae","Whole community",0.6026792750197,0.829787234042553,39,0.615760536317411,FALSE,0.667139479905437,0.546958234830575,0.779907407407407,0.164,0.441,1000,21,TRUE,3.66266734585033e-06,0.0487064167541603,TRUE,"Both","ANCOM-BC2 + ALDEx2"
"Lawsonella","Whole community",0.599448384554767,0.659574468085106,31,0.108618158156727,FALSE,0.632230102442868,0.492304964539007,0.77038219070134,0.101,0.262,1000,22,FALSE,NA,0.00255113946553478,TRUE,"ALDEx2 only","ALDEx2 only"
"Nesterenkonia","Whole community",0.598502758077226,0.936170212765957,44,2.08013687990618,FALSE,0.653900709219858,0.52024231678487,0.78285657998424,0.113,0.348,1000,23,TRUE,2.9973029037104e-06,0.00129801983670392,TRUE,"Both","ANCOM-BC2 + ALDEx2"
"Unclassified_Planococcaceae","Whole community",0.594483845547675,0.936170212765957,44,0.903656226648562,TRUE,0.648423955870765,0.516355397951143,0.777740346729708,0.079,0.309,1000,24,TRUE,8.53061502801257e-05,0.00179584532900948,TRUE,"Both","ANCOM-BC2 + ALDEx2"
"Phaselicystis","Whole community",0.592828999211978,0.553191489361702,26,0.0504795878117941,FALSE,0.631599684791174,0.539942868400315,0.757854609929078,0.051,0.206,1000,25,FALSE,NA,0.00783344311683973,TRUE,"ALDEx2 only","ALDEx2 only"
"Clostridium sensu stricto 10","Whole community",0.591962174940898,0.680851063829787,32,0.12911870288518,FALSE,0.632033096926714,0.487697005516154,0.762273443656422,0.073,0.25,1000,26,TRUE,7.15998042907965e-05,0.00349396043258617,TRUE,"Both","ANCOM-BC2 + ALDEx2"
"Enhydrobacter","Whole community",0.589598108747045,0.468085106382979,22,0.0935073295832559,FALSE,0.621867612293144,0.554531126871552,0.712815208825847,0.011,0.099,1000,27,FALSE,NA,0.00109646316630659,TRUE,"ALDEx2 only","ALDEx2 only"
"Acidothermus","Whole community",0.587864460204886,0.574468085106383,27,0.212585786631655,FALSE,0.613081166272656,0.545285657998424,0.697606382978723,0.006,0.07,1000,28,FALSE,NA,0.093451663003826,FALSE,"Neither","KSM only"
"Corynebacterium","Whole community",0.5849487785658,0.978723404255319,46,0.779685919520349,FALSE,0.644208037825059,0.532779747832939,0.755013790386131,0.091,0.292,1000,29,TRUE,1.03747522470364e-06,0.00895531891072678,TRUE,"Both","ANCOM-BC2 + ALDEx2"
"Unclassified_BIrii41","Whole community",0.584869976359338,0.702127659574468,33,0.168517022234871,FALSE,0.637470449172577,0.51039598108747,0.762429078014184,0.094,0.259,1000,30,TRUE,0.0305824738675958,0.00883056854987257,TRUE,"Both","ANCOM-BC2 + ALDEx2"
"Aerococcus","Whole community",0.582978723404255,0.404255319148936,19,0.372465835953742,FALSE,0.618282111899133,0.531260835303389,0.721355397951143,0.029,0.136,1000,31,FALSE,NA,0.00160541165839922,TRUE,"ALDEx2 only","ALDEx2 only"
"Clostridium sensu stricto 12","Whole community",0.581245074862096,0.851063829787234,40,0.381266086441138,FALSE,0.653467297084318,0.523051615445232,0.794552797478329,0.126,0.337,1000,32,TRUE,7.24645824593032e-06,0.00310690426920626,TRUE,"Both","ANCOM-BC2 + ALDEx2"
"Caldalkalibacillus","Whole community",0.576832151300237,1,47,2.98911710601134,FALSE,0.641292356185973,0.501968085106383,0.77516548463357,0.08,0.275,1000,33,TRUE,1.03747522470364e-06,0.00119735470368269,TRUE,"Both","ANCOM-BC2 + ALDEx2"
"Enterococcus","Whole community",0.576280535855004,0.936170212765957,44,0.91742605939715,FALSE,0.636840031520883,0.490386130811663,0.782624113475177,0.092,0.27,1000,34,TRUE,6.80997223787595e-05,0.00158492889753284,TRUE,"Both","ANCOM-BC2 + ALDEx2"
"Tumebacillus","Whole community",0.573995271867612,0.723404255319149,34,0.101187605298246,FALSE,0.638534278959811,0.504284869976359,0.769909377462569,0.092,0.271,1000,35,TRUE,5.11145469054982e-06,0.00497863371150285,TRUE,"Both","ANCOM-BC2 + ALDEx2"
"Actinoplanes","Whole community",0.570527974783294,0.638297872340426,30,0.389222621086187,FALSE,0.629866036249015,0.54774231678487,0.746822301024429,0.051,0.18,1000,36,TRUE,7.24645824593032e-06,0.0149153494761648,TRUE,"Both","ANCOM-BC2 + ALDEx2"
"Brevibacterium","Whole community",0.569503546099291,0.553191489361702,26,0.182036098578269,TRUE,0.602836879432624,0.54128841607565,0.688772655634358,0.004,0.047,1000,37,FALSE,NA,0.00293457692101966,TRUE,"ALDEx2 only","ALDEx2 only"
"Halomonas","Whole community",0.569345941686367,0.851063829787234,40,0.434391864927417,FALSE,0.638219070133964,0.494797084318361,0.776152482269504,0.089,0.252,1000,38,TRUE,7.62462287176427e-06,0.00422611345972871,TRUE,"Both","ANCOM-BC2 + ALDEx2"
"Unclassified_Diplorickettsiaceae","Whole community",0.564381402679275,0.425531914893617,20,0.0202596868405706,FALSE,0.600512214342002,0.462174940898345,0.720567375886525,0.016,0.098,1000,39,FALSE,NA,0.0369960690505623,TRUE,"ALDEx2 only","ALDEx2 only"
"Edaphobacter","Whole community",0.563750985027581,0.468085106382979,22,0.117834710527455,FALSE,0.588179669030733,0.510462962962963,0.683949960598897,0,0.03,1000,40,FALSE,NA,0.0120398595505678,TRUE,"ALDEx2 only","ALDEx2 only"
"Unclassified_Oligoflexaceae","Whole community",0.56327817178881,0.425531914893617,20,0.0141920465407888,FALSE,0.59204097714736,0.457358156028369,0.708219070133964,0.008,0.066,1000,41,FALSE,NA,0.0413348525514428,TRUE,"ALDEx2 only","ALDEx2 only"
"Anoxybacillus","Whole community",0.562017336485422,0.808510638297872,38,0.889906949414476,FALSE,0.62785657998424,0.493662332545311,0.766749408983452,0.042,0.192,1000,42,TRUE,1.76270976427702e-05,0.00271045625643146,TRUE,"Both","ANCOM-BC2 + ALDEx2"
"Bryobacter","Whole community",0.559574468085106,0.680851063829787,32,0.318275250618892,FALSE,0.613672182821119,0.523075256107171,0.718445626477542,0.014,0.106,1000,43,TRUE,0.00421753996768367,0.0144808152098823,TRUE,"Both","ANCOM-BC2 + ALDEx2"
"Marmoricola","Whole community",0.557052797478329,0.851063829787234,40,0.236272272167123,FALSE,0.634712371946414,0.551991725768321,0.735364460204886,0.05,0.215,1000,44,TRUE,1.1551658031638e-08,0.0129576980759536,TRUE,"Both","ANCOM-BC2 + ALDEx2"
"Acidipila-Silvibacterium","Whole community",0.554452324665091,0.425531914893617,20,0.0427920753454472,FALSE,0.58140267927502,0.445275807722616,0.699936958234831,0.007,0.065,1000,45,FALSE,NA,0.0314788187201094,TRUE,"ALDEx2 only","ALDEx2 only"
"LD29","Whole community",0.554294720252167,0.680851063829787,32,0.276931372727571,FALSE,0.601103230890465,0.46378841607565,0.743855397951143,0.034,0.137,1000,46,FALSE,NA,0.061292542559583,FALSE,"Neither","KSM only"
"Devosia","Whole community",0.55397951142632,0.787234042553192,37,0.213294428284508,FALSE,0.600551615445233,0.449009062253743,0.745234436564224,0.043,0.146,1000,47,FALSE,7.97032307262434e-05,0.226031660780643,FALSE,"Neither","KSM only"
"Haliangium","Whole community",0.552167060677699,0.787234042553192,37,0.368779740373355,FALSE,0.620055161544523,0.509978329393223,0.740208825847124,0.043,0.175,1000,48,TRUE,0.00144900620751464,0.0232146118063786,TRUE,"Both","ANCOM-BC2 + ALDEx2"
"Candidatus Branchiomonas","Whole community",0.551694247438928,0.404255319148936,19,0.400540559262628,FALSE,0.57962962962963,0.439588258471237,0.705204885736801,0.017,0.084,1000,49,FALSE,NA,0.00947158704820665,TRUE,"ALDEx2 only","ALDEx2 only"
"Kineosporia","Whole community",0.549802994483846,0.680851063829787,32,0.116361874931424,FALSE,0.607171000788022,0.461822301024429,0.745159574468085,0.054,0.177,1000,50,FALSE,0.127044183369307,0.0375037313634568,TRUE,"ALDEx2 only","ALDEx2 only"
"Unclassified_Pirellulaceae","Whole community",0.549408983451537,0.638297872340426,30,0.0249171446304828,FALSE,0.618479117415288,0.511946414499606,0.713159968479117,0.014,0.105,1000,51,FALSE,0.213296618103469,0.0568862624746763,FALSE,"Neither","KSM only"
"Unclassified_D05-2","Whole community",0.548069345941686,0.361702127659574,17,0.0307190696952032,FALSE,0.554531126871552,0.399605988967691,0.685713159968479,0.003,0.028,1000,52,FALSE,NA,0.0510832389812867,FALSE,"Neither","KSM only"
"Bradyrhizobium","Whole community",0.547438928289992,0.638297872340426,30,0.22652199483091,FALSE,0.604964539007092,0.514328211189913,0.716891252955083,0.018,0.091,1000,53,TRUE,0.0431507591556685,0.00503520188719571,TRUE,"Both","ANCOM-BC2 + ALDEx2"
"Unclassified_Caloramatoraceae","Whole community",0.541292356185973,0.765957446808511,36,0.248433402339769,FALSE,0.596335697399527,0.452472419227738,0.727157210401891,0.008,0.081,1000,54,TRUE,7.24645824593032e-06,0.00722837217981378,TRUE,"Both","ANCOM-BC2 + ALDEx2"
"Loriellopsis LF-B5","Whole community",0.536879432624114,0.595744680851064,28,0.59748705927883,FALSE,0.583727344365642,0.467484239558708,0.719881796690307,0.023,0.076,1000,55,TRUE,0.0204419737865303,0.0141614741154379,TRUE,"Both","ANCOM-BC2 + ALDEx2"
"Kocuria","Whole community",0.536170212765958,0.574468085106383,27,0.277502372938611,FALSE,0.579590228526399,0.433727344365642,0.72352048857368,0.018,0.098,1000,56,FALSE,NA,0.0137046587215021,TRUE,"ALDEx2 only","ALDEx2 only"
"Candidatus Alysiosphaera","Whole community",0.535776201733648,0.74468085106383,35,0.125394522257321,FALSE,0.579432624113475,0.480851063829787,0.696006698187549,0.006,0.045,1000,57,TRUE,0.00203653833704115,0.156379673395646,FALSE,"ANCOM-BC2 only","ANCOM-BC2 only"
"Unclassified_Gemmataceae","Whole community",0.532466509062254,0.74468085106383,35,0.143209232359164,FALSE,0.58451536643026,0.45034475965327,0.698841607565012,0.01,0.059,1000,58,FALSE,0.000146336818703254,0.569805448501896,FALSE,"Neither","KSM only"
"Unclassified_Polyangiaceae","Whole community",0.53230890464933,0.48936170212766,23,0.0815518441886032,FALSE,0.584436564223798,0.446371158392435,0.712389676910953,0.015,0.066,1000,59,FALSE,NA,0.013467730360124,TRUE,"ALDEx2 only","ALDEx2 only"
"FFCH7168","Whole community",0.53183609141056,0.595744680851064,28,0.0701331433682991,FALSE,0.569424743892829,0.462637903861308,0.673526398739165,0.001,0.025,1000,60,FALSE,NA,0.160493269078864,FALSE,"Neither","KSM only"
"Byssovorax","Whole community",0.531599684791174,0.531914893617021,25,0.257571132820994,FALSE,0.566312056737589,0.443879038613081,0.692750197005516,0.007,0.038,1000,61,TRUE,0.00355319565599569,0.0765498270964968,FALSE,"ANCOM-BC2 only","ANCOM-BC2 only"
"Unclassified_Alcaligenaceae","Whole community",0.527817178881009,0.595744680851064,28,0.803571718627008,TRUE,0.601024428684003,0.46878841607565,0.725065011820331,0.028,0.103,1000,62,TRUE,0.0013427364327417,0.00178066772555351,TRUE,"Both","ANCOM-BC2 + ALDEx2"
"RB41","Whole community",0.526635145784082,0.51063829787234,24,0.087377502305173,FALSE,0.567021276595745,0.436842001576044,0.701467691095351,0.007,0.038,1000,63,FALSE,NA,0.0957110833851815,FALSE,"Neither","KSM only"
"Parafilimonas","Whole community",0.52608353033885,0.595744680851064,28,0.203424118928314,FALSE,0.588416075650118,0.449087864460205,0.730106382978723,0.022,0.074,1000,64,FALSE,0.147448836748017,0.0156359216820829,TRUE,"ALDEx2 only","ALDEx2 only"
"Rhodanobacter","Whole community",0.521118991331757,0.319148936170213,15,0.0309113762907138,FALSE,0.547517730496454,0.485815602836879,0.641843971631206,0,0.001,1000,65,FALSE,NA,0.00280017337258606,TRUE,"ALDEx2 only","ALDEx2 only"
"Candidatus Udaeobacter","Whole community",0.519700551615445,0.595744680851064,28,0.141383394577528,FALSE,0.603664302600473,0.512037037037037,0.708475177304964,0.012,0.074,1000,66,TRUE,0.00299462074069807,0.00765475130043279,TRUE,"Both","ANCOM-BC2 + ALDEx2"
"Bacillus","Whole community",0.518360914105595,0.702127659574468,33,0.158754079760237,TRUE,0.566036249014972,0.454371552403467,0.686932624113475,0.008,0.033,1000,67,TRUE,1.71665925349313e-05,0.00848024339456087,TRUE,"Both","ANCOM-BC2 + ALDEx2"
"Aeromicrobium","Whole community",0.518360914105595,0.51063829787234,24,0.116788310918766,FALSE,0.552403467297084,0.429312450748621,0.671558313632782,0.002,0.018,1000,68,FALSE,NA,0.108063725293566,FALSE,"Neither","KSM only"
"Oligoflexus","Whole community",0.514263199369582,0.638297872340426,30,0.0581831305883782,FALSE,0.569621749408983,0.449166666666667,0.71133963750985,0.01,0.043,1000,69,FALSE,0.00298370025559031,0.0817801253562295,FALSE,"Neither","KSM only"
"Acidiphilium","Whole community",0.513475177304965,0.617021276595745,29,0.189256799087796,FALSE,0.561268715524035,0.406223404255319,0.70835500394011,0.011,0.043,1000,70,FALSE,NA,0.068215870037761,FALSE,"Neither","KSM only"
"Cutibacterium","Whole community",0.510953506698188,0.446808510638298,21,0.021316718816005,FALSE,0.539125295508274,0.440604806934594,0.615390070921986,0,0,1000,71,FALSE,NA,0.00334436623113794,TRUE,"ALDEx2 only","ALDEx2 only"
"Psychroglaciecola","Whole community",0.509850275807723,0.787234042553192,37,0.3402671150438,FALSE,0.555476753349094,0.443022064617809,0.674501576044129,0.003,0.026,1000,72,TRUE,0.00438133203081116,0.21170234778284,FALSE,"ANCOM-BC2 only","ANCOM-BC2 only"
"Tepidiphilus","Whole community",0.508747044917258,0.851063829787234,40,0.565703618567364,FALSE,0.571907013396375,0.43908195429472,0.719485815602837,0,0.036,1000,73,TRUE,0.000118981369304469,0.0165669908359227,TRUE,"Both","ANCOM-BC2 + ALDEx2"
"Micrococcus","Whole community",0.508195429472025,0.659574468085106,31,0.283268512884546,TRUE,0.552521670606777,0.429066193853428,0.692143420015761,0.003,0.016,1000,74,TRUE,4.17033202600811e-05,0.00774339855546675,TRUE,"Both","ANCOM-BC2 + ALDEx2"
"Aureimonas","Whole community",0.507722616233255,0.893617021276596,42,0.686102108009796,FALSE,0.591568163908589,0.453368794326241,0.713258471237195,0.008,0.075,1000,75,TRUE,0.000427121182630202,0.192324573443719,FALSE,"ANCOM-BC2 only","ANCOM-BC2 only"
"Nocardioides","Whole community",0.507013396375098,0.936170212765957,44,0.764334776577878,FALSE,0.583096926713948,0.454814814814815,0.722052797478329,0.02,0.076,1000,76,FALSE,9.73648728795193e-05,0.310819658574048,FALSE,"Neither","KSM only"
"Tianweitania","Whole community",0.505279747832939,0.446808510638298,21,0.0705243453148259,FALSE,0.543065405831363,0.405305358550039,0.678284081954295,0.005,0.024,1000,77,FALSE,NA,0.0884562464450595,FALSE,"Neither","KSM only"
"Unclassified_Sandaracinaceae","Whole community",0.497635933806147,0.553191489361702,26,0.0765982195417839,FALSE,0.557643814026793,0.476357368006304,0.686016548463357,0.006,0.029,1000,78,FALSE,0.18324431896028,0.0463038596784417,TRUE,"ALDEx2 only","ALDEx2 only"
"Rhodopseudomonas","Whole community",0.497478329393223,0.553191489361702,26,0.0918132177158898,FALSE,0.559456264775414,0.422852639873917,0.691099290780142,0.006,0.025,1000,79,TRUE,0.00173680477455115,0.164916444926676,FALSE,"ANCOM-BC2 only","ANCOM-BC2 only"
"Gemmata","Whole community",0.496611505122143,0.74468085106383,35,0.114009344613941,FALSE,0.551970055161545,0.406142631993696,0.701459810874705,0.012,0.055,1000,80,FALSE,0.678348171353632,0.148925674167382,FALSE,"Neither","KSM only"
"Unclassified_Mitochondria","Whole community",0.493538219070134,1,47,19.726877240597,FALSE,0.570488573680063,0.428676122931442,0.702781717888101,0.007,0.044,1000,81,TRUE,0.000130979208381817,0.00560813592242848,TRUE,"Both","ANCOM-BC2 + ALDEx2"
"Rhodoplanes","Whole community",0.492750197005516,0.425531914893617,20,0.0485497982364606,FALSE,0.537352245862884,0.409755713159968,0.655488573680063,0.001,0.012,1000,82,FALSE,NA,0.0367792964822106,TRUE,"ALDEx2 only","ALDEx2 only"
"Iamia","Whole community",0.492513790386131,0.51063829787234,24,0.0383327276840788,FALSE,0.533648542159181,0.401940504334121,0.662825059101655,0.001,0.007,1000,83,TRUE,8.33753338717581e-05,0.15795603867222,FALSE,"ANCOM-BC2 only","ANCOM-BC2 only"
"Unclassified_Rhizobiaceae","Whole community",0.49070133963751,0.851063829787234,40,0.374771602406991,TRUE,0.54113475177305,0.410238376674547,0.676629235618597,0.006,0.019,1000,84,FALSE,0.00505392334894191,0.282397636126769,FALSE,"Neither","KSM only"
"Unclassified_Beijerinckiaceae","Whole community",0.489755713159968,0.851063829787234,40,0.580072545835094,FALSE,0.542789598108747,0.421715918045705,0.65281914893617,0,0.005,1000,85,FALSE,0.000368034460366485,0.376469258089481,FALSE,"Neither","KSM only"
"Scytonema VB-61278","Whole community",0.48581560283688,0.595744680851064,28,0.256371997014069,FALSE,0.531993695823483,0.451769109535067,0.633577620173365,0.001,0.004,1000,86,FALSE,NA,0.244418689855322,FALSE,"Neither","KSM only"
"Acuticoccus","Whole community",0.484239558707644,0.340425531914894,16,0.0342210938437409,FALSE,0.524271079590229,0.410817572892041,0.641847911741529,0,0.008,1000,87,FALSE,NA,0.0132363111567367,TRUE,"ALDEx2 only","ALDEx2 only"
"Aridibacter","Whole community",0.482190701339637,0.553191489361702,26,0.189756894786533,FALSE,0.526871552403467,0.362645784081954,0.691930654058314,0.004,0.016,1000,88,FALSE,0.877185184911053,0.0801973448112997,FALSE,"Neither","KSM only"
"Mesorhizobium","Whole community",0.478171788810087,0.531914893617021,25,0.066794528167462,FALSE,0.526241134751773,0.36241134751773,0.658707643814027,0,0.011,1000,89,FALSE,NA,0.270327457741,FALSE,"Neither","KSM only"
"Sphingomonas","Whole community",0.47391646966115,1,47,2.10240756983528,FALSE,0.536446020488574,0.40289598108747,0.668120567375887,0,0.007,1000,90,FALSE,0.0232273077005065,0.0620541672765159,FALSE,"Neither","KSM only"
"Cellvibrio","Whole community",0.471631205673759,0.425531914893617,20,0.0599018290345153,FALSE,0.51414499605989,0.351585894405043,0.664976359338062,0.004,0.016,1000,91,FALSE,NA,0.0576211058116928,FALSE,"Neither","KSM only"
"Labrys","Whole community",0.471079590228526,0.574468085106383,27,0.0685866848102318,FALSE,0.513435776201734,0.431503152088258,0.599615839243499,0,0,1000,92,TRUE,0.01338001245688,0.368932955367079,FALSE,"ANCOM-BC2 only","ANCOM-BC2 only"
"Bdellovibrio","Whole community",0.470764381402679,0.723404255319149,34,0.0576618317497046,FALSE,0.53849487785658,0.420397951142632,0.695131993695823,0.011,0.03,1000,93,FALSE,0.386250706114512,0.190657270535544,FALSE,"Neither","KSM only"
"Unclassified_Nocardioidaceae","Whole community",0.46769109535067,0.446808510638298,21,0.0454659775076517,FALSE,0.502364066193853,0.385340819542947,0.616355397951143,0,0,1000,94,FALSE,NA,0.166435231666729,FALSE,"Neither","KSM only"
"Candidatus Solibacter","Whole community",0.46769109535067,0.425531914893617,20,0.0776336380010493,FALSE,0.50354609929078,0.44822695035461,0.57591804570528,0,0,1000,95,FALSE,NA,0.0445179484364196,TRUE,"ALDEx2 only","ALDEx2 only"
"Chthoniobacter","Whole community",0.46548463356974,0.680851063829787,32,0.128035495083563,FALSE,0.555516154452325,0.435910165484634,0.685090622537431,0.005,0.024,1000,96,TRUE,0.0363806407828346,0.0665435218966109,FALSE,"ANCOM-BC2 only","ANCOM-BC2 only"
"Fimbriiglobus","Whole community",0.465248226950355,0.680851063829787,32,0.0850620721106852,FALSE,0.534436564223798,0.41228329393223,0.666073680063042,0.004,0.018,1000,97,FALSE,0.191365223832563,0.134133083055669,FALSE,"Neither","KSM only"
"IheB3-7","Whole community",0.465169424743893,0.617021276595745,29,0.0860782636407397,FALSE,0.5424743892829,0.432533490937746,0.66094365642238,0,0.004,1000,98,TRUE,0.000427121182630202,0.00467423935434838,TRUE,"Both","ANCOM-BC2 + ALDEx2"
"Unclassified_WD2101 soil group","Whole community",0.464854215918046,0.638297872340426,30,0.0541408319263407,FALSE,0.525965327029157,0.40228329393223,0.663603230890465,0,0.008,1000,99,FALSE,0.212609147767494,0.259651025773612,FALSE,"Neither","KSM only"
"Sphingoaurantiacus","Whole community",0.464223798266352,0.702127659574468,33,0.116297377174784,FALSE,0.531126871552403,0.431341607565012,0.663455476753349,0.002,0.015,1000,100,FALSE,0.643335656433884,0.401620510150521,FALSE,"Neither","KSM only"
"Brevundimonas","Whole community",0.463829787234043,0.787234042553192,37,0.179053309157497,TRUE,0.530141843971631,0.412862490149724,0.663528368794326,0,0.008,1000,101,TRUE,3.33347664918592e-05,0.0095592304243841,TRUE,"Both","ANCOM-BC2 + ALDEx2"
"Luteolibacter","Whole community",0.462017336485422,0.425531914893617,20,0.0567774230366568,FALSE,0.514893617021277,0.373733254531127,0.657604412923562,0.001,0.011,1000,102,FALSE,NA,0.315417064984728,FALSE,"Neither","KSM only"
"Azospirillum","Whole community",0.455003940110323,0.382978723404255,18,0.0299708958582316,FALSE,0.467021276595745,0.334663120567376,0.605677698975571,0.001,0.003,1000,103,FALSE,NA,0.0368367760117242,TRUE,"ALDEx2 only","ALDEx2 only"
"Unclassified_Kineosporiaceae","Whole community",0.448463356973995,0.446808510638298,21,0.0604927933688907,FALSE,0.484988179669031,0.342111899133176,0.605228526398739,0,0,1000,104,FALSE,0.000863944639476387,0.3285227321992,FALSE,"Neither","KSM only"
"Bryocella","Whole community",0.447123719464145,0.382978723404255,18,0.0765543626219377,FALSE,0.476753349093775,0.335610717100079,0.598353033884949,0,0,1000,105,FALSE,NA,0.347080586285597,FALSE,"Neither","KSM only"
"Opitutus","Whole community",0.445074862096139,0.382978723404255,18,0.0169823161371188,FALSE,0.470527974783294,0.333433806146572,0.591936564223798,0,0,1000,106,FALSE,NA,0.237479692194664,FALSE,"Neither","KSM only"
"Angustibacter","Whole community",0.443104806934594,0.468085106382979,22,0.027011855064744,FALSE,0.482190701339638,0.351767139479905,0.623274231678487,0,0.001,1000,107,FALSE,NA,0.296986551289221,FALSE,"Neither","KSM only"
"Solirubrobacter","Whole community",0.437667454688731,0.702127659574468,33,0.230805637100802,FALSE,0.527344365642238,0.385715130023641,0.664089834515366,0.003,0.014,1000,108,TRUE,0.00571992134715212,0.186854791974175,FALSE,"ANCOM-BC2 only","ANCOM-BC2 only"
"Unclassified_Xanthobacteraceae","Whole community",0.432781717888101,0.765957446808511,36,0.23082712467789,FALSE,0.526635145784082,0.40038219070134,0.670332939322301,0.002,0.017,1000,109,FALSE,0.000539367886266262,0.311373441820347,FALSE,"Neither","KSM only"
"Unclassified_env.OPS 17","Whole community",0.431678486997636,0.48936170212766,23,0.0448842563622534,FALSE,0.471749408983452,0.31540780141844,0.632340425531915,0.002,0.006,1000,110,FALSE,0.688285279049406,0.128411691922904,FALSE,"Neither","KSM only"
"Unclassified_Fimbriimonadaceae","Whole community",0.431363278171789,0.702127659574468,33,0.0715942050419997,FALSE,0.512765957446809,0.373542159180457,0.640774231678487,0,0,1000,111,FALSE,0.175205912051125,0.627201851745099,FALSE,"Neither","KSM only"
"Edaphobaculum","Whole community",0.430417651694247,0.829787234042553,39,0.225366201737384,FALSE,0.5,0.365916075650118,0.660537825059102,0.001,0.006,1000,112,FALSE,0.0431667206919833,0.0778865632992573,FALSE,"Neither","KSM only"
"Acidisoma","Whole community",0.430338849487786,0.319148936170213,15,0.037202792234816,FALSE,0.451576044129236,0.321828211189913,0.567848699763593,0,0,1000,113,FALSE,NA,0.205053371338845,FALSE,"Neither","KSM only"
"Mucilaginibacter","Whole community",0.429314420803783,0.808510638297872,38,0.354666859909953,TRUE,0.507289204097715,0.386410559495666,0.647925531914894,0.001,0.007,1000,114,FALSE,0.0484638847426059,0.417780801884001,FALSE,"Neither","KSM only"
"Dyadobacter","Whole community",0.425137903861308,0.404255319148936,19,0.0299982653067709,FALSE,0.470606776989756,0.31094365642238,0.623179669030733,0,0.002,1000,115,FALSE,NA,0.23840436187057,FALSE,"Neither","KSM only"
"Paracoccus","Whole community",0.421907013396375,0.531914893617021,25,0.101164069845225,FALSE,0.465878644602049,0.325206855791962,0.59672182821119,0,0,1000,116,TRUE,3.16864489844458e-05,0.112804096291238,FALSE,"ANCOM-BC2 only","ANCOM-BC2 only"
"Unclassified_Obscuribacteraceae","Whole community",0.42167060677699,0.340425531914894,16,0.0153531645328359,FALSE,0.46812450748621,0.350263987391647,0.58653073286052,0,0,1000,117,FALSE,NA,0.0519081401163423,FALSE,"Neither","KSM only"
"Unclassified_Solirubrobacteraceae","Whole community",0.42033096926714,0.382978723404255,18,0.0478559646361813,FALSE,0.443853427895981,0.308427895981087,0.580437352245863,0,0,1000,118,FALSE,NA,0.130951781161043,FALSE,"Neither","KSM only"
"Thermoanaerobacterium","Whole community",0.418991331757289,0.574468085106383,27,0.0774641249923629,FALSE,0.492080378250591,0.345366430260047,0.651093380614657,0.001,0.005,1000,119,TRUE,0.0442444218872026,0.0174576822442185,TRUE,"Both","ANCOM-BC2 + ALDEx2"
"Rhizorhapis","Whole community",0.417651694247439,0.553191489361702,26,0.0624266640023081,FALSE,0.473680063041765,0.325685579196217,0.632728526398739,0,0.002,1000,120,FALSE,0.535984790285721,0.401507925977689,FALSE,"Neither","KSM only"
"Sphingobium","Whole community",0.415208825847124,0.723404255319149,34,0.166931589052278,FALSE,0.485618597320725,0.360983057525611,0.641310086682427,0.002,0.004,1000,121,TRUE,0.00316271743455261,0.0211258277348266,TRUE,"Both","ANCOM-BC2 + ALDEx2"
"Unclassified_Microbacteriaceae","Whole community",0.4150512214342,0.723404255319149,34,0.160113804886365,TRUE,0.517612293144208,0.406345547675335,0.634761623325453,0,0.003,1000,122,FALSE,0.00578155824646901,0.432317657449177,FALSE,"Neither","KSM only"
"Unclassified_Myxococcaceae","Whole community",0.4150512214342,0.382978723404255,18,0.0154173909529749,FALSE,0.482151300236407,0.368238770685579,0.588317572892041,0,0,1000,123,FALSE,NA,0.0634190425882714,FALSE,"Neither","KSM only"
"Rhodopila","Whole community",0.414972419227738,0.48936170212766,23,0.0707833094591953,FALSE,0.468676122931442,0.343808116627266,0.603120567375886,0,0,1000,124,FALSE,NA,0.496126707405591,FALSE,"Neither","KSM only"
"Candidatus Megaira","Whole community",0.414736012608353,0.276595744680851,13,0.0853404398526685,FALSE,0.428920409771474,0.270202915681639,0.592198581560284,0,0,1000,125,FALSE,NA,0.229314697539515,FALSE,"Neither","KSM only"
"Prevotella_7","Whole community",0.413632781717888,0.382978723404255,18,0.0177696083959999,FALSE,0.445981087470449,0.309296690307329,0.574645390070922,0,0.001,1000,126,FALSE,NA,0.0439953454084586,TRUE,"ALDEx2 only","ALDEx2 only"
"Terriglobus","Whole community",0.413553979511426,0.723404255319149,34,0.150356292835538,FALSE,0.480929866036249,0.402352245862884,0.600161544523247,0,0,1000,127,TRUE,0.01338001245688,0.412851516834657,FALSE,"ANCOM-BC2 only","ANCOM-BC2 only"
"Rubellimicrobium","Whole community",0.411032308904649,0.51063829787234,24,0.0584087517486965,FALSE,0.459810874704492,0.30021670606777,0.615813632781718,0,0.002,1000,128,FALSE,NA,0.310424960358837,FALSE,"Neither","KSM only"
"Pseudomonas","Whole community",0.408116627265564,0.936170212765957,44,1.23456419278461,TRUE,0.499645390070922,0.358232860520095,0.654028762805358,0,0.002,1000,129,TRUE,7.24645824593032e-06,0.0343949729890745,TRUE,"Both","ANCOM-BC2 + ALDEx2"
"Cytophaga","Whole community",0.406382978723404,0.276595744680851,13,0.0692329121722193,FALSE,0.428920409771474,0.280910165484634,0.575902285263987,0,0,1000,130,FALSE,NA,0.222870081199474,FALSE,"Neither","KSM only"
"Luteibacter","Whole community",0.404649330181245,0.425531914893617,20,0.0985823837948575,TRUE,0.450118203309693,0.289903467297084,0.625799842395587,0,0.001,1000,131,FALSE,NA,0.492054140435535,FALSE,"Neither","KSM only"
"Unclassified_JG30-KF-CM45","Whole community",0.40441292356186,0.74468085106383,35,0.168055948766131,FALSE,0.498463356973995,0.379980299448385,0.639369582348306,0.001,0.006,1000,132,FALSE,0.000286780779315337,0.50886023944363,FALSE,"Neither","KSM only"
"Aquisphaera","Whole community",0.402915681639086,0.319148936170213,15,0.0108842714110301,FALSE,0.429078014184397,0.306382978723404,0.540541765169425,0,0,1000,133,FALSE,NA,0.167344613590382,FALSE,"Neither","KSM only"
"Knoellia","Whole community",0.40220646178093,0.574468085106383,27,0.241631978408394,FALSE,0.451103230890465,0.316042159180457,0.597488179669031,0,0,1000,134,FALSE,0.00749809295636562,0.618026847833918,FALSE,"Neither","KSM only"
"Microvirga","Whole community",0.401024428684003,0.51063829787234,24,0.050454974940395,FALSE,0.444720252167061,0.31331560283688,0.605992907801418,0,0.001,1000,135,FALSE,0.00596842302610765,0.696651342755136,FALSE,"Neither","KSM only"
"Unclassified_Nostocaceae","Whole community",0.400551615445232,0.276595744680851,13,0.0712382232773296,FALSE,0.423404255319149,0.261294326241135,0.559495665878645,0,0,1000,136,FALSE,NA,0.257222732354476,FALSE,"Neither","KSM only"
"MN 122.2a","Whole community",0.400078802206462,0.446808510638298,21,0.0506427327930363,FALSE,0.440661938534279,0.309495665878645,0.582667454688731,0,0,1000,137,FALSE,NA,0.539065481157907,FALSE,"Neither","KSM only"
"Calditerricola","Whole community",0.399369582348306,0.319148936170213,15,0.0231630810284938,FALSE,0.418439716312057,0.263591410559496,0.557876280535855,0,0,1000,138,FALSE,NA,0.0473357034419824,TRUE,"ALDEx2 only","ALDEx2 only"
"Bosea","Whole community",0.39558707643814,0.617021276595745,29,0.089987757544624,TRUE,0.475965327029157,0.329359732072498,0.62506304176517,0,0.003,1000,139,FALSE,0.0710945933990008,0.303569069261061,FALSE,"Neither","KSM only"
"Rubrobacter","Whole community",0.393538219070134,0.319148936170213,15,0.142907389950456,FALSE,0.419267139479905,0.280606776989756,0.545713159968479,0,0,1000,140,FALSE,NA,0.0149077037050773,TRUE,"ALDEx2 only","ALDEx2 only"
"Sphingobacterium","Whole community",0.393144208037825,0.404255319148936,19,0.267610854830153,TRUE,0.443420015760441,0.300390070921986,0.584255319148936,0,0,1000,141,FALSE,NA,0.0758962736139969,FALSE,"Neither","KSM only"
"Dactylosporangium","Whole community",0.390543735224586,0.319148936170213,15,0.0344737906784323,FALSE,0.437391646966115,0.307864460204886,0.550833333333333,0,0,1000,142,FALSE,NA,0.131149685820987,FALSE,"Neither","KSM only"
"Curtobacterium","Whole community",0.390149724192277,0.51063829787234,24,0.110020707869042,TRUE,0.48364854215918,0.340772261623325,0.619976359338062,0,0.001,1000,143,TRUE,0.00316271743455261,0.0538205690830252,FALSE,"ANCOM-BC2 only","ANCOM-BC2 only"
"Quadrisphaera","Whole community",0.388731284475965,0.425531914893617,20,0.0602159626394305,FALSE,0.434712371946415,0.298339243498818,0.56233451536643,0,0,1000,144,FALSE,NA,0.211163681850257,FALSE,"Neither","KSM only"
"Stenotrophomonas","Whole community",0.388258471237195,0.723404255319149,34,0.801974490538632,TRUE,0.492159180457053,0.360661938534279,0.634454294720252,0,0.002,1000,145,TRUE,0.0153159480642158,0.022583007911928,TRUE,"Both","ANCOM-BC2 + ALDEx2"
"Sediminibacterium","Whole community",0.3876280535855,0.446808510638298,21,0.065800467680313,FALSE,0.436958234830575,0.300462962962963,0.5900768321513,0,0,1000,146,FALSE,NA,0.383128735488958,FALSE,"Neither","KSM only"
"Unclassified_Spirosomaceae","Whole community",0.387234042553192,0.340425531914894,16,0.0143735827416757,FALSE,0.452442868400315,0.341252955082742,0.553810086682427,0,0,1000,147,FALSE,NA,0.101121873933956,FALSE,"Neither","KSM only"
"Methylopila","Whole community",0.386918833727344,0.51063829787234,24,0.0522949925073121,FALSE,0.450315208825847,0.302594562647754,0.619521276595745,0.001,0.005,1000,148,FALSE,0.0389523894586252,0.605112518850716,FALSE,"Neither","KSM only"
"Pajaroellobacter","Whole community",0.384554767533491,0.723404255319149,34,0.0756135056431997,FALSE,0.482624113475177,0.3499487785658,0.629446414499606,0,0.001,1000,149,FALSE,0.7462301083478,0.299788710500509,FALSE,"Neither","KSM only"
"Unclassified_Vicinamibacteraceae","Whole community",0.384397163120567,0.553191489361702,26,0.0232502779645166,FALSE,0.450512214342002,0.320979117415288,0.620116233254531,0,0.001,1000,150,FALSE,0.0255740775664943,0.307167221110397,FALSE,"Neither","KSM only"
"Unclassified_KD3-93","Whole community",0.384318360914106,0.234042553191489,11,0.00783235706039607,FALSE,0.398502758077226,0.253187549251379,0.548782505910166,0,0,1000,151,FALSE,NA,0.209165023398413,FALSE,"Neither","KSM only"
"Pedobacter","Whole community",0.382505910165485,0.51063829787234,24,0.120742266931094,TRUE,0.451891252955083,0.30266548463357,0.620888494877857,0,0.002,1000,152,FALSE,0.000515964495291306,0.405970308824957,FALSE,"Neither","KSM only"
"Lapillicoccus","Whole community",0.382269503546099,0.361702127659574,17,0.118302253000774,FALSE,0.409338061465721,0.282111899133176,0.543012214342002,0,0,1000,153,FALSE,NA,0.232346726491562,FALSE,"Neither","KSM only"
"Unclassified_Isosphaeraceae","Whole community",0.381087470449173,0.659574468085106,31,0.0512453600923897,FALSE,0.456225374310481,0.314558707643814,0.588059495665879,0,0,1000,154,FALSE,0.0232273077005065,0.592516152279762,FALSE,"Neither","KSM only"
"Paenibacillus","Whole community",0.378014184397163,0.659574468085106,31,0.186151588437968,TRUE,0.449881796690307,0.311617415287628,0.587951142631994,0,0,1000,155,FALSE,0.000514041793069245,0.411982028160385,FALSE,"Neither","KSM only"
"Chitinophaga","Whole community",0.378014184397163,0.319148936170213,15,0.018770061172806,FALSE,0.399290780141844,0.256028368794326,0.542322695035461,0,0,1000,156,FALSE,NA,0.354816862888142,FALSE,"Neither","KSM only"
"Unclassified_A4b","Whole community",0.373995271867612,0.361702127659574,17,0.0224184435256017,FALSE,0.41859732072498,0.266532702915682,0.572019306540583,0,0,1000,157,FALSE,NA,0.623114343024787,FALSE,"Neither","KSM only"
"Unclassified_LWQ8","Whole community",0.373601260835303,0.382978723404255,18,0.00532255864150407,FALSE,0.415366430260047,0.25531914893617,0.573703703703704,0,0,1000,158,FALSE,NA,0.479293351410319,FALSE,"Neither","KSM only"
"Novosphingobium","Whole community",0.372498029944838,0.808510638297872,38,0.235284754149815,TRUE,0.456107171000788,0.335746650906225,0.600711189913318,0,0,1000,159,FALSE,0.105009741426036,0.0990203370970604,FALSE,"Neither","KSM only"
"Flavisolibacter","Whole community",0.372340425531915,0.48936170212766,23,0.0839229465486004,FALSE,0.447005516154452,0.317622143420016,0.577712765957447,0,0,1000,160,FALSE,0.478904670158361,0.247116282619046,FALSE,"Neither","KSM only"
"Unclassified_Parachlamydiaceae","Whole community",0.372261623325453,0.382978723404255,18,0.013626053352213,FALSE,0.404649330181245,0.272320724980299,0.515526004728132,0,0,1000,161,FALSE,NA,0.487349716385498,FALSE,"Neither","KSM only"
"Unclassified_Ktedonobacteraceae","Whole community",0.37210401891253,0.297872340425532,14,0.0930128698482086,FALSE,0.386170212765957,0.241449960598897,0.536883372734437,0,0,1000,162,FALSE,NA,0.253874895359138,FALSE,"Neither","KSM only"
"Subgroup 10","Whole community",0.371473601260835,0.361702127659574,17,0.0261223706177696,FALSE,0.408668242710796,0.280135933806147,0.526091410559496,0,0,1000,163,FALSE,NA,0.439158710545503,FALSE,"Neither","KSM only"
"Granulicella","Whole community",0.369661150512214,0.425531914893617,20,0.110840086380253,FALSE,0.43053585500394,0.275713159968479,0.591040189125295,0,0,1000,164,FALSE,0.00147597682373584,0.4558508665805,FALSE,"Neither","KSM only"
"Allorhizobium-Neorhizobium-Pararhizobium-Rhizobium","Whole community",0.366903073286052,0.893617021276596,42,0.33811294111835,TRUE,0.461150512214342,0.345283687943262,0.622582742316785,0,0.002,1000,165,FALSE,0.105009741426036,0.828815924070811,FALSE,"Neither","KSM only"
"Unclassified_Acidobacteriaceae (Subgroup 1)","Whole community",0.36414499605989,0.361702127659574,17,0.0418919033811714,FALSE,0.406461780929866,0.258628841607565,0.552009456264775,0,0,1000,166,FALSE,NA,0.519615940372148,FALSE,"Neither","KSM only"
"Taibaiella","Whole community",0.362962962962963,0.531914893617021,25,0.0441370254918185,FALSE,0.42210401891253,0.269079984239559,0.582429078014184,0,0.001,1000,167,FALSE,0.00580517276062486,0.270541610992735,FALSE,"Neither","KSM only"
"Mycoplasma","Whole community",0.362017336485422,0.531914893617021,25,0.178857842493838,FALSE,0.440070921985816,0.309176516942474,0.600265957446808,0,0.001,1000,168,FALSE,9.2687920670975e-06,0.46616924130698,FALSE,"Neither","KSM only"
"Nevskia","Whole community",0.362017336485422,0.212765957446809,10,0.0122491909680099,FALSE,0.375965327029157,0.229741922773838,0.508510638297872,0,0,1000,169,FALSE,NA,0.157348853566013,FALSE,"Neither","KSM only"
"Chthonomonas","Whole community",0.361623325453113,0.404255319148936,19,0.0141495094556711,FALSE,0.398502758077226,0.260890464933018,0.547393617021277,0,0,1000,170,FALSE,NA,0.342834113620851,FALSE,"Neither","KSM only"
"Puia","Whole community",0.361150512214342,0.297872340425532,14,0.029577675423963,FALSE,0.406776989755713,0.249637509850276,0.551302206461781,0,0,1000,171,FALSE,NA,0.189399444674919,FALSE,"Neither","KSM only"
"Haemophilus","Whole community",0.360835303388495,0.276595744680851,13,0.103196287307399,FALSE,0.389085894405043,0.234672970843184,0.570531914893617,0,0,1000,172,FALSE,NA,0.509669115420088,FALSE,"Neither","KSM only"
"Finegoldia","Whole community",0.358156028368794,0.319148936170213,15,0.0357099694684854,FALSE,0.390898345153664,0.246333727344366,0.53096926713948,0,0,1000,173,FALSE,NA,0.0428820681463104,TRUE,"ALDEx2 only","ALDEx2 only"
"Unclassified_Chthoniobacteraceae","Whole community",0.354609929078014,0.297872340425532,14,0.0400827258374129,FALSE,0.393262411347518,0.233353033884949,0.556501182033097,0,0,1000,174,FALSE,NA,0.454487770036936,FALSE,"Neither","KSM only"
"Altererythrobacter","Whole community",0.352561071710008,0.446808510638298,21,0.0404443136693711,FALSE,0.415760441292356,0.278171788810087,0.550902285263987,0,0,1000,175,FALSE,NA,0.785927715701697,FALSE,"Neither","KSM only"
"Abditibacterium","Whole community",0.351142631993696,0.659574468085106,31,0.0560793384662663,FALSE,0.443735224586288,0.317953112687155,0.586300236406619,0,0.001,1000,176,FALSE,0.366407023316496,0.645378606445422,FALSE,"Neither","KSM only"
"Unclassified_Methyloligellaceae","Whole community",0.349724192277384,0.382978723404255,18,0.015589713801494,FALSE,0.414972419227738,0.260126083530339,0.577082348305753,0,0,1000,177,FALSE,NA,0.436692102337275,FALSE,"Neither","KSM only"
"Hymenobacter","Whole community",0.348699763593381,0.638297872340426,30,0.0822337893276598,FALSE,0.438376674546887,0.322295114263199,0.567253743104807,0,0,1000,178,FALSE,0.00475261987340103,0.744398026639847,FALSE,"Neither","KSM only"
"Unclassified_Sphingomonadaceae","Whole community",0.348069345941686,0.872340425531915,41,0.507106249519749,FALSE,0.463081166272656,0.350973207249803,0.605539795114263,0,0,1000,179,FALSE,0.000211965851235643,0.256631933765364,FALSE,"Neither","KSM only"
"Spirosoma","Whole community",0.347202521670607,0.851063829787234,40,0.349430823478442,FALSE,0.466469661150512,0.343181639085894,0.602064617809299,0,0,1000,180,FALSE,0.366891570320526,0.774940144359589,FALSE,"Neither","KSM only"
"Phenylobacterium","Whole community",0.347123719464145,0.446808510638298,21,0.0457342078068222,FALSE,0.396611505122143,0.262090228526399,0.551459810874704,0,0,1000,181,TRUE,0.0137011091559949,0.197882501905073,FALSE,"ANCOM-BC2 only","ANCOM-BC2 only"
"Unclassified_Neisseriaceae","Whole community",0.347044917257683,0.361702127659574,17,0.0432058257202818,FALSE,0.396059889676911,0.240309298660363,0.552265563435776,0,0.001,1000,182,TRUE,0.00147597682373584,0.0693202479937343,FALSE,"ANCOM-BC2 only","ANCOM-BC2 only"
"Ferruginibacter","Whole community",0.346335697399527,0.531914893617021,25,0.0440217255322899,FALSE,0.418794326241135,0.271753349093775,0.581012608353034,0,0,1000,183,FALSE,0.932745184952951,0.540672301817161,FALSE,"Neither","KSM only"
"Gemella","Whole community",0.345311268715524,0.212765957446809,10,0.108617505798253,FALSE,0.359180457052797,0.216873522458629,0.518055555555556,0,0,1000,184,FALSE,NA,0.374110198716834,FALSE,"Neither","KSM only"
"Gordonia","Whole community",0.34468085106383,0.382978723404255,18,0.0667613150263872,FALSE,0.403152088258471,0.260248226950355,0.543280141843972,0,0,1000,185,FALSE,NA,0.433101557381122,FALSE,"Neither","KSM only"
"Hirschia","Whole community",0.344523246650906,0.276595744680851,13,0.0147395425042191,FALSE,0.385894405043341,0.243735224586288,0.525240346729708,0,0,1000,186,FALSE,NA,0.317681501563445,FALSE,"Neither","KSM only"
"Unclassified_Microtrichaceae","Whole community",0.344365642237983,0.25531914893617,12,0.00699346594651744,FALSE,0.380614657210402,0.243195429472025,0.528920409771474,0,0,1000,187,FALSE,NA,0.269697243342262,FALSE,"Neither","KSM only"
"SH-PL14","Whole community",0.340583136327817,0.404255319148936,19,0.0155872098897479,FALSE,0.403467297084318,0.251883372734437,0.567862490149724,0,0,1000,188,FALSE,NA,0.508176935834259,FALSE,"Neither","KSM only"
"Devriesea","Whole community",0.340031520882585,0.276595744680851,13,0.873540400331611,FALSE,0.378723404255319,0.22840622537431,0.546818360914106,0,0,1000,189,FALSE,NA,0.294588868945492,FALSE,"Neither","KSM only"
"Variibacter","Whole community",0.338534278959811,0.234042553191489,11,0.0147594203807262,FALSE,0.363553979511426,0.222312844759653,0.526120961386919,0,0,1000,190,FALSE,NA,0.169982281707779,FALSE,"Neither","KSM only"
"Chryseobacterium","Whole community",0.33806146572104,0.595744680851064,28,0.535489048651215,TRUE,0.444917257683215,0.321654846335697,0.560070921985816,0,0,1000,191,TRUE,3.66266734585033e-06,0.202690313800459,FALSE,"ANCOM-BC2 only","ANCOM-BC2 only"
"Flavitalea","Whole community",0.337746256895193,0.361702127659574,17,0.0332747614389803,FALSE,0.391371158392435,0.24602048857368,0.55575256107171,0,0,1000,192,FALSE,NA,0.335305948975455,FALSE,"Neither","KSM only"
"Gemmatimonas","Whole community",0.337115839243499,0.382978723404255,18,0.0166935144738908,FALSE,0.410677698975571,0.274529156816391,0.555017730496454,0,0,1000,193,FALSE,NA,0.356215961198608,FALSE,"Neither","KSM only"
"Streptomyces","Whole community",0.336643026004728,0.531914893617021,25,0.243218502447044,TRUE,0.412450748620961,0.278644602048857,0.553126477541371,0,0,1000,194,FALSE,0.0120830316716973,0.648501660749778,FALSE,"Neither","KSM only"
"Flavobacterium","Whole community",0.336564223798266,0.659574468085106,31,0.265134516297931,TRUE,0.435894405043341,0.295921985815603,0.587791568163909,0,0.001,1000,195,TRUE,0.000522218848521378,0.214473819877448,FALSE,"ANCOM-BC2 only","ANCOM-BC2 only"
"Unclassified_Roseiflexaceae","Whole community",0.335460992907801,0.595744680851064,28,0.0517558489359674,FALSE,0.423640661938534,0.303853427895981,0.564998029944838,0,0,1000,196,FALSE,0.00011110355797121,0.676835352841977,FALSE,"Neither","KSM only"
"Nakamurella","Whole community",0.335303388494878,0.51063829787234,24,0.132180275593495,FALSE,0.42301024428684,0.275084712371946,0.564267139479905,0,0,1000,197,FALSE,NA,0.456090361600465,FALSE,"Neither","KSM only"
"Pirellula","Whole community",0.33451536643026,0.382978723404255,18,0.0180513282667786,FALSE,0.386249014972419,0.249473995271868,0.533337273443656,0,0,1000,198,FALSE,NA,0.614782457414763,FALSE,"Neither","KSM only"
"Roseomonas","Whole community",0.334121355397951,0.617021276595745,29,0.066849069550394,FALSE,0.423561859732072,0.30258865248227,0.561241134751773,0,0,1000,199,FALSE,0.00203653833704115,0.420778465651784,FALSE,"Neither","KSM only"
"Legionella","Whole community",0.334042553191489,0.51063829787234,24,0.0625930954010988,FALSE,0.397281323877069,0.278534278959811,0.54524231678487,0,0,1000,200,FALSE,0.189207775035087,0.82467223944586,FALSE,"Neither","KSM only"
"Thermobrachium","Whole community",0.333254531126872,0.25531914893617,12,0.0214097386212876,FALSE,0.349408983451537,0.20488573680063,0.493695823483058,0,0,1000,201,FALSE,NA,0.080578115754898,FALSE,"Neither","KSM only"
"Ellin6055","Whole community",0.330260047281324,0.617021276595745,29,0.111240013881208,FALSE,0.424074074074074,0.278575650118203,0.582352245862884,0,0,1000,202,FALSE,0.571370751283338,0.80408313629552,FALSE,"Neither","KSM only"
"Unclassified_Micavibrionaceae","Whole community",0.32962962962963,0.276595744680851,13,0.00862180239083061,FALSE,0.369424743892829,0.22395390070922,0.512011426319937,0,0,1000,203,FALSE,NA,0.661160017730268,FALSE,"Neither","KSM only"
"Burkholderia-Caballeronia-Paraburkholderia","Whole community",0.329078014184397,0.723404255319149,34,0.178812597109823,TRUE,0.427265563435776,0.304868006304177,0.570693459416864,0,0,1000,204,FALSE,0.0290587338433046,0.406300750345932,FALSE,"Neither","KSM only"
"Kineococcus","Whole community",0.328368794326241,0.361702127659574,17,0.0496562799000832,FALSE,0.378723404255319,0.256654846335697,0.512630023640662,0,0,1000,205,FALSE,NA,0.555813777102416,FALSE,"Neither","KSM only"
"Unclassified_Solimonadaceae","Whole community",0.3274231678487,0.702127659574468,33,0.0636737433149,FALSE,0.420843183609141,0.299369582348306,0.568975571315997,0,0,1000,206,FALSE,0.478904670158361,0.336748528791782,FALSE,"Neither","KSM only"
"Deinococcus","Whole community",0.327344365642238,0.595744680851064,28,0.039281606830517,FALSE,0.427974783293932,0.293522458628842,0.567431048069346,0,0,1000,207,TRUE,0.0365502551353117,0.108035994353661,FALSE,"ANCOM-BC2 only","ANCOM-BC2 only"
"Unclassified_Chitinophagaceae","Whole community",0.327029156816391,0.851063829787234,40,0.330646157303487,FALSE,0.433293932230102,0.319064223798266,0.578492907801418,0,0,1000,208,FALSE,0.830028785566814,0.932620393907296,FALSE,"Neither","KSM only"
"Anaerococcus","Whole community",0.326241134751773,0.553191489361702,26,0.0684655389768908,FALSE,0.420409771473601,0.290986997635934,0.557616233254531,0,0,1000,209,TRUE,0.000427121182630202,0.272190802562034,FALSE,"ANCOM-BC2 only","ANCOM-BC2 only"
"Rhodococcus","Whole community",0.322931442080378,0.574468085106383,27,0.074116105641815,FALSE,0.406225374310481,0.278169818754925,0.559868006304177,0,0,1000,210,FALSE,0.000429790286514551,0.540737107908046,FALSE,"Neither","KSM only"
"Aquicella","Whole community",0.322852639873916,0.234042553191489,11,0.00804479030705712,FALSE,0.354215918045705,0.209210007880221,0.513091016548463,0,0,1000,211,FALSE,NA,0.440318078813077,FALSE,"Neither","KSM only"
"Peredibacter","Whole community",0.322537431048069,0.340425531914894,16,0.016678818587587,FALSE,0.369345941686367,0.236207643814027,0.487972813238771,0,0,1000,212,FALSE,NA,0.487552062447671,FALSE,"Neither","KSM only"
"Qipengyuania","Whole community",0.322537431048069,0.382978723404255,18,0.0719967275945758,FALSE,0.371315996847912,0.223701733648542,0.532366036249015,0,0,1000,213,FALSE,NA,0.521904313985585,FALSE,"Neither","KSM only"
"Pseudoxanthomonas","Whole community",0.322458628841608,0.48936170212766,23,0.0474013071918325,TRUE,0.406501182033097,0.251751379038613,0.56019109535067,0,0,1000,214,FALSE,0.001460157811223,0.3545064805875,FALSE,"Neither","KSM only"
"Williamsia","Whole community",0.316469661150512,0.340425531914894,16,0.0282140806995353,FALSE,0.362056737588653,0.237572892040977,0.498207249802994,0,0,1000,215,FALSE,NA,0.0957605731728927,FALSE,"Neither","KSM only"
"Unclassified_Saprospiraceae","Whole community",0.316469661150512,0.297872340425532,14,0.0103901716962941,FALSE,0.37301024428684,0.221195823483058,0.528719464144996,0,0,1000,216,FALSE,NA,0.448692802143698,FALSE,"Neither","KSM only"
"Pedomicrobium","Whole community",0.315602836879433,0.468085106382979,22,0.0317918087941331,FALSE,0.376635145784082,0.24038219070134,0.536319936958235,0,0,1000,217,FALSE,NA,0.451686051574013,FALSE,"Neither","KSM only"
"Acidisphaera","Whole community",0.311111111111111,0.319148936170213,15,0.0461807313564829,FALSE,0.360401891252955,0.201302206461781,0.525405831363278,0,0,1000,218,FALSE,NA,0.702902777470317,FALSE,"Neither","KSM only"
"Flexivirga","Whole community",0.309692671394799,0.297872340425532,14,0.0707869960077972,FALSE,0.344129235618597,0.200041371158392,0.505858944050433,0,0,1000,219,FALSE,NA,0.550459493571218,FALSE,"Neither","KSM only"
"Unclassified_Pedosphaeraceae","Whole community",0.309219858156028,0.446808510638298,21,0.0305110916043129,FALSE,0.375807722616233,0.252084318360914,0.529741922773838,0,0,1000,220,FALSE,NA,0.814467869112342,FALSE,"Neither","KSM only"
"Hyphomicrobium","Whole community",0.307801418439716,0.51063829787234,24,0.0579145785177885,FALSE,0.385421591804571,0.250240346729708,0.546603624901497,0,0,1000,221,FALSE,0.30591184794689,0.82053649745983,FALSE,"Neither","KSM only"
"Klebsiella","Whole community",0.307722616233255,0.872340425531915,41,1.70659641664142,TRUE,0.42210401891253,0.307084318360914,0.564741922773838,0,0,1000,222,FALSE,0.0852518417278762,0.171665956531644,FALSE,"Neither","KSM only"
"Nordella","Whole community",0.305516154452325,0.234042553191489,11,0.014471453784038,FALSE,0.331126871552403,0.18360914105595,0.500551615445232,0,0,1000,223,FALSE,NA,0.592207848058489,FALSE,"Neither","KSM only"
"Asticcacaulis","Whole community",0.305122143420016,0.25531914893617,12,0.0394811823266935,FALSE,0.330338849487786,0.183916469661151,0.489202127659574,0,0,1000,224,FALSE,NA,0.616142148870525,FALSE,"Neither","KSM only"
"Hephaestia","Whole community",0.305043341213554,0.425531914893617,20,0.0978704663529144,FALSE,0.37966903073286,0.245466903073286,0.532962962962963,0,0,1000,225,FALSE,NA,0.63300482944275,FALSE,"Neither","KSM only"
"Patulibacter","Whole community",0.304255319148936,0.382978723404255,18,0.0320265216159958,FALSE,0.365681639085894,0.216042159180457,0.525929866036249,0,0,1000,226,FALSE,NA,0.510059517799439,FALSE,"Neither","KSM only"
"Streptococcus","Whole community",0.303940110323089,0.319148936170213,15,0.72005365979777,FALSE,0.341843971631206,0.204255319148936,0.484213947990544,0,0,1000,227,FALSE,NA,0.282944763408527,FALSE,"Neither","KSM only"
"Unclassified_Comamonadaceae","Whole community",0.303624901497242,0.617021276595745,29,0.155009146252159,TRUE,0.386446020488574,0.2676536643026,0.515151694247439,0,0,1000,228,FALSE,0.0232273077005065,0.847775592856464,FALSE,"Neither","KSM only"
"Unclassified_Rhizobiales Incertae Sedis","Whole community",0.302442868400315,0.297872340425532,14,0.029025902306777,FALSE,0.341252955082742,0.216924743892829,0.475894405043341,0,0,1000,229,FALSE,NA,0.533446678409321,FALSE,"Neither","KSM only"
"CL500-29 marine group","Whole community",0.300945626477541,0.382978723404255,18,0.0146474879616512,FALSE,0.365090622537431,0.231325847123719,0.505061071710008,0,0,1000,230,FALSE,NA,0.555710616474161,FALSE,"Neither","KSM only"
"Candidatus Xiphinematobacter","Whole community",0.300630417651694,0.340425531914894,16,0.0314263479263594,FALSE,0.348029944838456,0.211022458628842,0.508165878644602,0,0,1000,231,FALSE,NA,0.757017701127979,FALSE,"Neither","KSM only"
"Unclassified_Sphingobacteriaceae","Whole community",0.300630417651694,0.340425531914894,16,0.0243281198451119,FALSE,0.355870764381403,0.195429472025217,0.51389085894405,0,0,1000,232,FALSE,NA,0.745642889368311,FALSE,"Neither","KSM only"
"JCM 18997","Whole community",0.300078802206462,0.319148936170213,15,0.019938896960122,FALSE,0.352364066193853,0.222275413711584,0.493552009456265,0,0,1000,233,FALSE,NA,0.472143716870287,FALSE,"Neither","KSM only"
"Chryseolinea","Whole community",0.299763593380615,0.276595744680851,13,0.0203324902992414,FALSE,0.352955082742317,0.205068951930654,0.501737588652482,0,0,1000,234,FALSE,NA,0.56021880943812,FALSE,"Neither","KSM only"
"Blastocatella","Whole community",0.299211977935382,0.723404255319149,34,0.202887635748514,FALSE,0.404688731284476,0.275632387706856,0.559235618597321,0,0,1000,235,FALSE,0.760644315809389,0.602956610167905,FALSE,"Neither","KSM only"
"Unclassified_Chroococcidiopsaceae","Whole community",0.297872340425532,0.382978723404255,18,0.0645487353921708,FALSE,0.359219858156028,0.223089046493302,0.494905437352246,0,0,1000,236,FALSE,NA,0.320919482265146,FALSE,"Neither","KSM only"
"Unclassified_Ilumatobacteraceae","Whole community",0.297163120567376,0.48936170212766,23,0.0482179677274767,FALSE,0.381954294720252,0.245839243498818,0.528461386918834,0,0,1000,237,FALSE,0.300085556986339,0.762349656545017,FALSE,"Neither","KSM only"
"Micromonospora","Whole community",0.297005516154452,0.297872340425532,14,0.0616797232752071,FALSE,0.329078014184397,0.19709219858156,0.49639085894405,0,0,1000,238,FALSE,NA,0.764596145161707,FALSE,"Neither","KSM only"
"Ohtaekwangia","Whole community",0.295665878644602,0.361702127659574,17,0.0602791248094571,FALSE,0.33538219070134,0.208682033096927,0.480945626477541,0,0,1000,239,FALSE,NA,0.421928389063622,FALSE,"Neither","KSM only"
"Veillonella","Whole community",0.295665878644602,0.234042553191489,11,0.0211653301883492,FALSE,0.328368794326241,0.185147754137116,0.47061268715524,0,0,1000,240,FALSE,NA,0.434861981420294,FALSE,"Neither","KSM only"
"Niabella","Whole community",0.293695823483058,0.276595744680851,13,0.187138472934883,TRUE,0.330141843971631,0.195342789598109,0.481075650118203,0,0,1000,241,FALSE,NA,0.674241503762336,FALSE,"Neither","KSM only"
"Tundrisphaera","Whole community",0.293065405831363,0.48936170212766,23,0.0247871434492558,FALSE,0.386918833727344,0.248128447596533,0.531775019700552,0,0,1000,242,FALSE,NA,0.617369061754945,FALSE,"Neither","KSM only"
"Aetokthonos AEL04","Whole community",0.292671394799054,0.212765957446809,10,0.0426021874706018,FALSE,0.316469661150512,0.17153073286052,0.467537431048069,0,0,1000,243,FALSE,NA,0.461237855098366,FALSE,"Neither","KSM only"
"Coxiella","Whole community",0.292198581560284,0.234042553191489,11,0.00461914120082536,FALSE,0.323483057525611,0.180378250591017,0.465171394799054,0,0,1000,244,FALSE,NA,0.430887681441443,FALSE,"Neither","KSM only"
"Peptoniphilus","Whole community",0.292119779353822,0.297872340425532,14,0.0303554392151716,FALSE,0.345508274231679,0.211501182033097,0.49701536643026,0,0,1000,245,FALSE,NA,0.154417387193248,FALSE,"Neither","KSM only"
"Prosthecobacter","Whole community",0.291331757289204,0.234042553191489,11,0.00599033523098963,FALSE,0.328526398739165,0.19317572892041,0.486404649330181,0,0,1000,246,FALSE,NA,0.687389777593169,FALSE,"Neither","KSM only"
"Roseiarcus","Whole community",0.290228526398739,0.297872340425532,14,0.0323434094350202,FALSE,0.332466509062254,0.190760441292356,0.494359732072498,0,0,1000,247,FALSE,NA,0.583659713078599,FALSE,"Neither","KSM only"
"Nostoc PCC-7107","Whole community",0.290149724192277,0.361702127659574,17,0.167514619891014,FALSE,0.3376280535855,0.198672182821119,0.490327029156816,0,0,1000,248,FALSE,NA,0.606146711324332,FALSE,"Neither","KSM only"
"Nannocystis","Whole community",0.288416075650118,0.340425531914894,16,0.0147390564779445,FALSE,0.36063829787234,0.228654452324665,0.501595744680851,0,0,1000,249,FALSE,NA,0.480167495057238,FALSE,"Neither","KSM only"
"Achromobacter","Whole community",0.288179669030733,0.276595744680851,13,0.0573401575417166,TRUE,0.324271079590229,0.185405831363278,0.488567769897557,0,0,1000,250,FALSE,NA,0.180231668777579,FALSE,"Neither","KSM only"
"Klenkia","Whole community",0.285894405043341,0.25531914893617,12,0.0375792724333558,FALSE,0.306422379826635,0.185713159968479,0.445074862096139,0,0,1000,251,FALSE,NA,0.283245403073508,FALSE,"Neither","KSM only"
"Unclassified_SM2D12","Whole community",0.283687943262411,0.638297872340426,30,0.066200294648724,FALSE,0.387234042553191,0.268465327029157,0.527687155240347,0,0,1000,252,FALSE,0.335063178616473,0.536658686213586,FALSE,"Neither","KSM only"
"Thermomonas","Whole community",0.28360914105595,0.297872340425532,14,0.0337101321835025,TRUE,0.341055949566588,0.201576044129236,0.499265169424744,0,0,1000,253,FALSE,NA,0.375958443866677,FALSE,"Neither","KSM only"
"Unclassified_Tepidisphaeraceae","Whole community",0.282190701339638,0.234042553191489,11,0.00660303898860548,FALSE,0.316312056737589,0.182978723404255,0.456560283687943,0,0,1000,254,FALSE,NA,0.67382558021411,FALSE,"Neither","KSM only"
"Reyranella","Whole community",0.278723404255319,0.340425531914894,16,0.0165531715549059,FALSE,0.352482269503546,0.216136721828211,0.518368794326241,0,0,1000,255,FALSE,NA,0.602759802389297,FALSE,"Neither","KSM only"
"Parviterribacter","Whole community",0.27832939322301,0.319148936170213,15,0.014327327233273,FALSE,0.33230890464933,0.204127265563436,0.474734042553191,0,0,1000,256,FALSE,NA,0.781895262695757,FALSE,"Neither","KSM only"
"Pir4 lineage","Whole community",0.274704491725768,0.361702127659574,17,0.0139171799700348,FALSE,0.345311268715524,0.207630023640662,0.514824665090623,0,0,1000,257,FALSE,NA,0.76589273624267,FALSE,"Neither","KSM only"
"Gaiella","Whole community",0.272892040977147,0.382978723404255,18,0.0309337623500951,FALSE,0.339125295508274,0.20936170212766,0.478567769897557,0,0,1000,258,FALSE,0.000773604982908483,0.416967050763643,FALSE,"Neither","KSM only"
"Kribbella","Whole community",0.272813238770686,0.297872340425532,14,0.0494876439381827,FALSE,0.329353821907013,0.206528762805359,0.474343971631206,0,0,1000,259,FALSE,NA,0.750985782246496,FALSE,"Neither","KSM only"
"Steroidobacter","Whole community",0.272261623325453,0.25531914893617,12,0.0130123982846873,FALSE,0.328132387706856,0.185864854215918,0.492086288416076,0,0,1000,260,FALSE,NA,0.435723403963497,FALSE,"Neither","KSM only"
"Abiotrophia","Whole community",0.27123719464145,0.212765957446809,10,0.0360172754709172,FALSE,0.298463356973995,0.154267139479905,0.458335303388495,0,0,1000,261,FALSE,NA,0.646218726693965,FALSE,"Neither","KSM only"
"Unclassified_Rickettsiaceae","Whole community",0.268321513002364,0.468085106382979,22,0.019909038243917,FALSE,0.354767533490938,0.225130023640662,0.516030338849488,0,0,1000,262,FALSE,0.393326903714042,0.671317279352112,FALSE,"Neither","KSM only"
"Truepera","Whole community",0.268006304176517,0.340425531914894,16,0.0326584656263188,FALSE,0.328368794326241,0.210786052009456,0.477251773049645,0,0,1000,263,FALSE,NA,0.6281633045689,FALSE,"Neither","KSM only"
"Unclassified_37-13","Whole community",0.266430260047281,0.276595744680851,13,0.00834197738353817,FALSE,0.319188337273444,0.18113475177305,0.48890267927502,0,0,1000,264,FALSE,NA,0.680703217052429,FALSE,"Neither","KSM only"
"Rothia","Whole community",0.265248226950355,0.425531914893617,20,0.233961279418086,FALSE,0.347990543735225,0.224493695823483,0.520616627265563,0,0,1000,265,FALSE,0.01338001245688,0.821260103291375,FALSE,"Neither","KSM only"
"Unclassified_NS9 marine group","Whole community",0.264302600472813,0.212765957446809,10,0.00458423612683826,FALSE,0.295035460992908,0.151142631993696,0.456737588652482,0,0,1000,266,FALSE,NA,0.638192605220438,FALSE,"Neither","KSM only"
"Actinomyces","Whole community",0.263041765169425,0.361702127659574,17,0.242099223588743,FALSE,0.334791174152876,0.207710795902285,0.496463750985028,0,0,1000,267,FALSE,NA,0.832758509159346,FALSE,"Neither","KSM only"
"Unclassified_AB1","Whole community",0.261386918833727,0.25531914893617,12,0.00564042797794833,FALSE,0.319661150512214,0.179659180457053,0.476469661150512,0,0,1000,268,FALSE,NA,0.657748561562395,FALSE,"Neither","KSM only"
"Unclassified_AKYH767","Whole community",0.260520094562648,0.212765957446809,10,0.00600162019718692,FALSE,0.280496453900709,0.148949960598897,0.438853427895981,0,0,1000,269,FALSE,NA,0.397960073049854,FALSE,"Neither","KSM only"
"Schumannella","Whole community",0.260441292356186,0.234042553191489,11,0.0192054983001461,FALSE,0.281442080378251,0.163120567375887,0.418770685579196,0,0,1000,270,FALSE,NA,0.655265003257098,FALSE,"Neither","KSM only"
"Unclassified_Lachnospiraceae","Whole community",0.257762017336485,0.276595744680851,13,0.0932031183447122,FALSE,0.313829787234043,0.192476359338062,0.442801418439716,0,0,1000,271,FALSE,NA,0.72792391920564,FALSE,"Neither","KSM only"
"Methylocystis","Whole community",0.2575256107171,0.234042553191489,11,0.0137430433111968,FALSE,0.283884948778566,0.163410165484634,0.427901891252955,0,0,1000,272,FALSE,NA,0.199013537341671,FALSE,"Neither","KSM only"
"Unclassified_AKIW781","Whole community",0.256973995271868,0.382978723404255,18,0.0205958509133773,FALSE,0.333018124507486,0.204076044129236,0.475238376674547,0,0,1000,273,FALSE,NA,0.726837128945373,FALSE,"Neither","KSM only"
"Pedococcus-Phycicoccus","Whole community",0.256264775413712,0.319148936170213,15,0.0247996893139037,FALSE,0.314657210401891,0.2,0.441501182033097,0,0,1000,274,FALSE,NA,0.317757340046414,FALSE,"Neither","KSM only"
"JGI 0001001-H03","Whole community",0.25531914893617,0.234042553191489,11,0.0104237934095784,FALSE,0.288849487785658,0.153658392434988,0.436241134751773,0,0,1000,275,FALSE,NA,0.400571316726491,FALSE,"Neither","KSM only"
"Pseudorhodoplanes","Whole community",0.254609929078014,0.319148936170213,15,0.0235217406260077,FALSE,0.324507486209614,0.197005516154452,0.476621355397951,0,0,1000,276,FALSE,NA,0.713167245536623,FALSE,"Neither","KSM only"
"Unclassified_Simkaniaceae","Whole community",0.254373522458629,0.25531914893617,12,0.0795957284948821,FALSE,0.307643814026793,0.169503546099291,0.466946414499606,0,0,1000,277,FALSE,NA,0.625599190445861,FALSE,"Neither","KSM only"
"Tepidisphaera","Whole community",0.254373522458629,0.297872340425532,14,0.0128894604352647,FALSE,0.309692671394799,0.186908983451537,0.440910165484634,0,0,1000,278,FALSE,NA,0.340247281203289,FALSE,"Neither","KSM only"
"Aurantisolimonas","Whole community",0.25177304964539,0.617021276595745,29,0.0920878391743084,FALSE,0.366193853427896,0.250179275019701,0.51712962962963,0,0,1000,279,FALSE,0.202165254628038,0.932239429782198,FALSE,"Neither","KSM only"
"Acidicaldus","Whole community",0.251142631993696,0.212765957446809,10,0.026910519286801,FALSE,0.269661150512214,0.145429472025217,0.412568951930654,0,0,1000,280,FALSE,NA,0.260051208865478,FALSE,"Neither","KSM only"
"Desulfotomaculum","Whole community",0.249408983451537,0.212765957446809,10,0.0176455280836307,FALSE,0.272852639873917,0.139020882584712,0.42223207249803,0,0,1000,281,FALSE,NA,0.223314771921292,FALSE,"Neither","KSM only"
"Pseudochrobactrum","Whole community",0.247596532702916,0.276595744680851,13,0.0132839770543854,FALSE,0.302167060677699,0.175311268715524,0.463682033096927,0,0,1000,282,FALSE,NA,0.63128744733879,FALSE,"Neither","KSM only"
"Unclassified_Verrucomicrobiaceae","Whole community",0.245862884160756,0.340425531914894,16,0.0091418478049158,FALSE,0.315405831363278,0.182186761229314,0.468684003152088,0,0,1000,283,FALSE,NA,0.754518869084097,FALSE,"Neither","KSM only"
"Unclassified_Rhodobacteraceae","Whole community",0.245784081954295,0.404255319148936,19,0.0393182057388304,FALSE,0.331126871552404,0.212444838455477,0.475122143420016,0,0,1000,284,FALSE,NA,0.487665764642938,FALSE,"Neither","KSM only"
"Brucella","Whole community",0.244444444444444,0.212765957446809,10,0.025702665047371,FALSE,0.281717888100867,0.146414499605989,0.425681639085894,0,0,1000,285,FALSE,NA,0.25456504562337,FALSE,"Neither","KSM only"
"Geobacillus","Whole community",0.243262411347518,0.234042553191489,11,0.00901248421383056,FALSE,0.275965327029157,0.161603624901497,0.407259653270292,0,0,1000,286,FALSE,NA,0.132666831466015,FALSE,"Neither","KSM only"
"SM1A02","Whole community",0.2424743892829,0.212765957446809,10,0.014476069985832,FALSE,0.285460992907801,0.142186761229314,0.433372734436564,0,0,1000,287,FALSE,NA,0.686968147046023,FALSE,"Neither","KSM only"
"Unclassified_Caldilineaceae","Whole community",0.241449960598897,0.25531914893617,12,0.0111307101905359,FALSE,0.291725768321513,0.169578408195429,0.423490937746257,0,0,1000,288,FALSE,NA,0.411396792275318,FALSE,"Neither","KSM only"
"Unclassified_Ardenticatenaceae","Whole community",0.240031520882585,0.212765957446809,10,0.00579236320783711,FALSE,0.279275019700552,0.142809298660363,0.45596926713948,0,0,1000,289,FALSE,NA,0.296803570901801,FALSE,"Neither","KSM only"
"Candidatus Protochlamydia","Whole community",0.239795114263199,0.212765957446809,10,0.00397682919667654,FALSE,0.27080378250591,0.13123719464145,0.428548069345942,0,0,1000,290,FALSE,NA,0.543469345039243,FALSE,"Neither","KSM only"
"Neorhizobium","Whole community",0.237825059101655,0.361702127659574,17,0.0488676066743871,FALSE,0.304531126871552,0.19201536643026,0.456987785657998,0,0,1000,291,FALSE,0.187232111588649,0.491362809550297,FALSE,"Neither","KSM only"
"Caulobacter","Whole community",0.234830575256107,0.48936170212766,23,0.0366996682732805,FALSE,0.347517730496454,0.230078802206462,0.496654846335697,0,0,1000,292,FALSE,0.00298370025559031,0.654535247644179,FALSE,"Neither","KSM only"
"Unclassified_Micrococcaceae","Whole community",0.23317572892041,0.212765957446809,10,0.0175304511253565,TRUE,0.269661150512214,0.139458234830575,0.404739952718676,0,0,1000,293,FALSE,NA,0.299154054518434,FALSE,"Neither","KSM only"
"Alicyclobacillus","Whole community",0.232387706855792,0.297872340425532,14,0.0220663832806808,FALSE,0.290622537431048,0.174927107959023,0.432647754137116,0,0,1000,294,FALSE,NA,0.264498688484633,FALSE,"Neither","KSM only"
"Luteimonas","Whole community",0.231599684791174,0.234042553191489,11,0.0224447252862862,TRUE,0.2849487785658,0.147982663514578,0.433930260047281,0,0,1000,295,FALSE,NA,0.712327450534575,FALSE,"Neither","KSM only"
"Leptolyngbya ANT.L52.2","Whole community",0.2301024428684,0.25531914893617,12,0.0204202406319256,FALSE,0.281599684791174,0.145549645390071,0.432488179669031,0,0,1000,296,FALSE,NA,0.461239650433957,FALSE,"Neither","KSM only"
"Duganella","Whole community",0.229472025216706,0.25531914893617,12,0.0524666432000776,TRUE,0.265957446808511,0.150506304176517,0.400338849487786,0,0,1000,297,FALSE,NA,0.456060352377416,FALSE,"Neither","KSM only"
"Unclassified_Blastocatellaceae","Whole community",0.22876280535855,0.404255319148936,19,0.0314705068611919,FALSE,0.325256107171001,0.211579984239559,0.474793144208038,0,0,1000,298,FALSE,0.0204419737865303,0.70825101405204,FALSE,"Neither","KSM only"
"Amycolatopsis","Whole community",0.2274231678487,0.212765957446809,10,0.010971839120483,FALSE,0.267218282111899,0.142630023640662,0.418471237194641,0,0,1000,299,FALSE,NA,0.806417679004248,FALSE,"Neither","KSM only"
"Unclassified_Rhodanobacteraceae","Whole community",0.227265563435776,0.297872340425532,14,0.0182440851902786,TRUE,0.300039401103231,0.168784475965327,0.449137115839243,0,0,1000,300,FALSE,NA,0.793121993272648,FALSE,"Neither","KSM only"
"alphaI cluster","Whole community",0.227029156816391,0.212765957446809,10,0.0176845524942769,FALSE,0.254806934594169,0.138613081166273,0.385508274231678,0,0,1000,301,FALSE,NA,0.2771879569186,FALSE,"Neither","KSM only"
"Pseudactinotalea","Whole community",0.226792750197006,0.212765957446809,10,0.0259932782102212,TRUE,0.259535066981876,0.138607171000788,0.392864460204886,0,0,1000,302,FALSE,NA,0.744328221971352,FALSE,"Neither","KSM only"
"OM27 clade","Whole community",0.22608353033885,0.212765957446809,10,0.00907138524034353,FALSE,0.266745468873128,0.136044129235619,0.416558313632782,0,0,1000,303,FALSE,NA,0.745840170459871,FALSE,"Neither","KSM only"
"Unclassified_Staphylococcaceae","Whole community",0.225847123719464,0.212765957446809,10,0.0138738582669044,TRUE,0.255240346729708,0.14072695035461,0.407892040977147,0,0,1000,304,FALSE,NA,0.187240902747424,FALSE,"Neither","KSM only"
"Piscinibacter","Whole community",0.224192277383767,0.25531914893617,12,0.0371890692921091,TRUE,0.277462568951931,0.151126871552403,0.439765563435776,0,0,1000,305,FALSE,NA,0.737471793291663,FALSE,"Neither","KSM only"
"Pseudorhizobium","Whole community",0.223955870764381,0.212765957446809,10,0.0459594764487643,FALSE,0.267218282111899,0.13883963750985,0.425774231678487,0,0,1000,306,FALSE,NA,0.67025385501558,FALSE,"Neither","KSM only"
"Terrimonas","Whole community",0.223167848699764,0.319148936170213,15,0.0232595155748131,TRUE,0.306264775413712,0.167998423955871,0.466916863672183,0,0,1000,307,FALSE,NA,0.390299400694048,FALSE,"Neither","KSM only"
"SWB02","Whole community",0.220724980299448,0.319148936170213,15,0.014826001056292,FALSE,0.294129235618597,0.189265169424744,0.427267533490938,0,0,1000,308,FALSE,NA,0.778978269707765,FALSE,"Neither","KSM only"
"Pseudaminobacter","Whole community",0.217966903073286,0.212765957446809,10,0.0203903000650562,FALSE,0.25661938534279,0.138613081166273,0.398349093774626,0,0,1000,309,FALSE,NA,0.730897261476307,FALSE,"Neither","KSM only"
"Shinella","Whole community",0.217966903073286,0.212765957446809,10,0.0449219567122899,TRUE,0.255279747832939,0.13835500394011,0.399143026004728,0,0,1000,310,FALSE,NA,0.623831186072519,FALSE,"Neither","KSM only"
"Asanoa","Whole community",0.213553979511426,0.212765957446809,10,0.00943318205022666,FALSE,0.258747044917258,0.137832939322301,0.391118991331757,0,0,1000,311,FALSE,NA,0.717755472478672,FALSE,"Neither","KSM only"
"Segetibacter","Whole community",0.212608353033885,0.212765957446809,10,0.00808893649519101,FALSE,0.255870764381403,0.131745468873128,0.400023640661939,0,0,1000,312,FALSE,NA,0.765249112203106,FALSE,"Neither","KSM only"
"Unclassified_Microscillaceae","Whole community",0.192277383766745,0.361702127659574,17,0.0319701103377605,FALSE,0.291843971631206,0.182163120567376,0.429806934594169,0,0,1000,313,FALSE,NA,0.78109579170935,FALSE,"Neither","KSM only"
"Unclassified_Sporichthyaceae","Whole community",0.187943262411348,0.25531914893617,12,0.0147637168594391,FALSE,0.256855791962175,0.137115839243499,0.395224586288416,0,0,1000,314,FALSE,NA,0.775872841868522,FALSE,"Neither","KSM only"
"Xylophilus","Whole community",0.186446020488574,0.297872340425532,14,0.0527273780097579,FALSE,0.272143420015761,0.163689913317573,0.411826241134752,0,0,1000,315,FALSE,NA,0.41910569250636,FALSE,"Neither","KSM only"
"Unclassified_TRA3-20","Whole community",0.18360914105595,0.212765957446809,10,0.0111865712431947,FALSE,0.227738376674547,0.123650512214342,0.362119779353822,0,0,1000,316,FALSE,NA,0.489140050586155,FALSE,"Neither","KSM only"
"Amaricoccus","Whole community",0.179038613081166,0.276595744680851,13,0.0436456083291805,FALSE,0.251418439716312,0.153656422379827,0.398819936958235,0,0,1000,317,FALSE,NA,0.666468783714657,FALSE,"Neither","KSM only"
"Unclassified_Gemmatimonadaceae","Whole community",0.178092986603625,0.382978723404255,18,0.0193405516872198,FALSE,0.293144208037825,0.184854215918046,0.438429866036249,0,0,1000,318,FALSE,0.97959499849824,0.826211432618962,FALSE,"Neither","KSM only"
"Ilumatobacter","Whole community",0.169818754925138,0.212765957446809,10,0.010495557334001,FALSE,0.226319936958235,0.120801812450749,0.361788810086682,0,0,1000,319,FALSE,NA,0.447126999317515,FALSE,"Neither","KSM only"
"Anaeromyxobacter","Whole community",0.166903073286052,0.212765957446809,10,0.0155488919668308,FALSE,0.221985815602837,0.113772655634358,0.360208825847124,0,0,1000,320,FALSE,NA,0.352668922066299,FALSE,"Neither","KSM only"
"Unclassified_Devosiaceae","Whole community",0.162490149724192,0.234042553191489,11,0.0188453705965231,FALSE,0.227344365642238,0.117415287628054,0.37873719464145,0,0,1000,321,FALSE,NA,0.684557360915519,FALSE,"Neither","KSM only"
"Cellulomonas","Whole community",0.158471237194642,0.234042553191489,11,0.0361970749941597,TRUE,0.240780141843972,0.12521670606777,0.382336485421592,0,0,1000,322,FALSE,NA,0.544035230383358,FALSE,"Neither","KSM only"
"Unclassified_Enterobacteriaceae","Whole community",0.157998423955871,0.212765957446809,10,0.0598444713109143,TRUE,0.223601260835303,0.116863672182821,0.33723207249803,0,0,1000,323,FALSE,NA,0.453589018003081,FALSE,"Neither","KSM only"
"Lysobacter","Whole community",0.150275807722616,0.212765957446809,10,0.0157358933769912,TRUE,0.215642237982664,0.108620961386919,0.340992907801418,0,0,1000,324,FALSE,NA,0.535525865643453,FALSE,"Neither","KSM only"
"Bacteroides","Whole community",0.14822695035461,0.234042553191489,11,0.58497989459868,FALSE,0.228959810874705,0.119038613081166,0.367440898345154,0,0,1000,325,FALSE,NA,0.664259387093842,FALSE,"Neither","KSM only"
"Pseudolabrys","Whole community",0.145390070921986,0.212765957446809,10,0.012569211047794,FALSE,0.22033096926714,0.115279747832939,0.350851063829787,0,0,1000,326,FALSE,NA,0.311570964467262,FALSE,"Neither","KSM only"
