"Genus","KSM","Bootstrap_CI_low","Bootstrap_CI_high","Top10_frequency","Top20_frequency","Prevalence","Mean_relative_abundance_percent","ANCOMBC2_W","ANCOMBC2_p","ANCOMBC2_q","ANCOMBC2_robust_FDR05","ALDEx2_p","ALDEx2_q","ALDEx2_FDR05","Evidence_class","KSM_rank","Cross_method_support","Display_genus","ANCOM_plot","ANCOM_status","ALDEx_plot","ALDEx_status"
"Staphylococcus",0.6725768321513,0.634332151300236,0.800876674546887,1,1,0.702127659574468,1.16502177896074,16.2890231485955,4.28762021464174e-06,2.78695313951713e-05,TRUE,0.000296162518451549,0.00345334006383875,TRUE,"ANCOM-BC2 + ALDEx2",1,"ANCOM-BC2 + ALDEx2","Staphylococcus",4.55487033355445,"Robust FDR < 0.05",2.46176065287652,"FDR < 0.05"
"Acinetobacter",0.670921985815603,0.60551024428684,0.834913317572892,0.998,1,1,2.46459364101025,30.3097893579528,2.18431623138122e-10,2.83961110079558e-09,TRUE,5.54968520556002e-06,0.000234754654230342,TRUE,"ANCOM-BC2 + ALDEx2",2,"ANCOM-BC2 + ALDEx2","Acinetobacter",8.54674113472184,"Robust FDR < 0.05",3.62938578868265,"FDR < 0.05"
"Amnibacterium",0.638219070133964,0.555628447596533,0.790122143420016,0.992,1,0.723404255319149,0.195339111963447,NA,NA,NA,FALSE,0.000415693866517642,0.00424407143195897,TRUE,"ALDEx2 only",3,"ALDEx2 only","Amnibacterium",0,"Not estimated",2.3722173150995,"FDR < 0.05"
"Brachybacterium",0.602836879432624,0.538439716312057,0.732641843971631,0.987,1,0.531914893617021,0.131624696959877,NA,NA,NA,FALSE,0.000548252465137864,0.0050706551166916,TRUE,"ALDEx2 only",4,"ALDEx2 only","Brachybacterium",0,"Not estimated",2.29493592721812,"FDR < 0.05"
"Unclassified_Alcaligenaceae",0.600788022064618,0.55105791962175,0.748703703703704,0.99,1,0.51063829787234,0.785008710681923,NA,NA,NA,FALSE,2.97996696333428e-05,0.000689950281279152,TRUE,"ALDEx2 only",5,"ALDEx2 only","Uncl. Alcaligenaceae",0,"Not estimated",3.16118220396432,"FDR < 0.05"
"Unclassified_Bacillaceae",0.58360914105595,0.501637115839244,0.755793932230102,0.945,0.999,0.829787234042553,0.376798849147056,7.67218762466329,0.000910538932640659,0.00236740122486571,TRUE,0.00152748160979007,0.0114222479281839,TRUE,"ANCOM-BC2 + ALDEx2",6,"ANCOM-BC2 + ALDEx2","Uncl. Bacillaceae",2.62572813202508,"Robust FDR < 0.05",1.94224841739191,"FDR < 0.05"
"Brevibacterium",0.524980299448385,0.43841804570528,0.66852048857368,0.752,0.994,0.48936170212766,0.15995877372555,NA,NA,NA,FALSE,0.0115183900109295,0.0500710645265307,FALSE,"KSM only",7,"KSM only","Brevibacterium",0,"Not estimated",1.30041317526609,"q >= 0.05"
"Micrococcus",0.508195429472025,0.435823483057526,0.687216312056737,0.66,0.99,0.659574468085106,0.283268512884546,4.90094277641775,0.0151550215561726,0.0218905866922493,TRUE,0.0138532521153526,0.0588632801772167,FALSE,"ANCOM-BC2 only",8,"ANCOM-BC2 only","Micrococcus",1.6597425986974,"Robust FDR < 0.05",1.23015554034765,"q >= 0.05"
"Pseudomonas",0.455161544523247,0.38941292356186,0.683587470449173,0.63,0.972,0.851063829787234,0.603820427403919,9.66660778596517,0.00016193469309341,0.000526287752553583,TRUE,0.029826107215223,0.0975780233727514,FALSE,"ANCOM-BC2 only",9,"ANCOM-BC2 only","Pseudomonas",3.27877673650046,"Robust FDR < 0.05",1.01064798359003,"q >= 0.05"
"Stenotrophomonas",0.410323089046493,0.37486012608353,0.634066193853428,0.36,0.944,0.702127659574468,0.767145444569014,3.55855277919387,0.052523071866685,0.0568999945222421,FALSE,0.0370189360525179,0.113444378799639,FALSE,"KSM only",10,"KSM only","Stenotrophomonas",1.24488777541442,"q >= 0.05",0.945217018657669,"q >= 0.05"
"Novosphingobium",0.410086682427108,0.350147754137116,0.615254137115839,0.252,0.925,0.595744680851064,0.140380493714845,2.13653760845705,0.244050047944867,0.244050047944867,FALSE,0.0751302509328021,0.176804032250406,FALSE,"KSM only",11,"KSM only","Novosphingobium",0.612521102688103,"q >= 0.05",0.752507834548445,"q >= 0.05"
"Luteibacter",0.404649330181245,0.301101260835303,0.620035460992908,0.18,0.789,0.425531914893617,0.0985823837948575,NA,NA,NA,FALSE,0.0745599100444067,0.171551728739011,FALSE,"KSM only",12,"KSM only","Luteibacter",0,"Not estimated",0.765604901169275,"q >= 0.05"
"Bosea",0.39558707643814,0.331826241134752,0.63538219070134,0.281,0.875,0.617021276595745,0.0887096212061199,4.57520670523908,0.0219046022826071,0.0284759829673892,TRUE,0.0108026949803914,0.0496871979533777,TRUE,"ANCOM-BC2 + ALDEx2",13,"ANCOM-BC2 + ALDEx2","Bosea",1.54552127550365,"Robust FDR < 0.05",1.30375549405138,"FDR < 0.05"
"Curtobacterium",0.390149724192277,0.339558707643814,0.630748620961387,0.296,0.876,0.51063829787234,0.110020707869042,5.97537071814512,0.00887264000783486,0.0144180400127316,FALSE,0.0247187969463387,0.0822227645137582,FALSE,"KSM only",14,"KSM only","Curtobacterium",1.84109377356315,"q < 0.05, not robust",1.08500792535564,"q >= 0.05"
"Klebsiella",0.378881008668243,0.298492907801419,0.548473207249803,0.056,0.655,0.404255319148936,0.204924591736645,NA,NA,NA,FALSE,0.0341060645615023,0.0994366759174849,FALSE,"KSM only",15,"KSM only","Klebsiella",0,"Not estimated",1.00245340221459,"q >= 0.05"
"Brevundimonas",0.372655634357762,0.335500394011032,0.595921985815603,0.133,0.835,0.74468085106383,0.145752761578584,4.22538938030857,0.0258164856077193,0.0305103920818501,TRUE,0.542929494068423,0.668129652197183,FALSE,"ANCOM-BC2 only",16,"ANCOM-BC2 only","Brevundimonas",1.51555221130581,"Robust FDR < 0.05",0.175139253437371,"q >= 0.05"
"Streptomyces",0.370764381402679,0.28789598108747,0.571587864460205,0.084,0.707,0.382978723404255,0.171447802460172,NA,NA,NA,FALSE,0.0285324652081798,0.0874330872402036,FALSE,"KSM only",17,"KSM only","Streptomyces",0,"Not estimated",1.05832418651252,"q >= 0.05"
"Sphingobacterium",0.370449172576832,0.234507486209614,0.548624901497242,0.035,0.522,0.297872340425532,0.241105547847009,NA,NA,NA,FALSE,0.150961877687163,0.273567966936973,FALSE,"KSM only",18,"KSM only","Sphingobacterium",0,"Not estimated",0.562934757087045,"q >= 0.05"
"Unclassified_Microbacteriaceae",0.36107171000788,0.311481481481482,0.581942474389283,0.099,0.766,0.553191489361702,0.0816817510159898,NA,NA,NA,FALSE,0.0815971091693058,0.184296324164713,FALSE,"KSM only",19,"KSM only","Uncl. Microbacteriaceae",0,"Not estimated",0.734483326804267,"q >= 0.05"
"Unclassified_Comamonadaceae",0.34468085106383,0.310151694247439,0.561386918833727,0.075,0.747,0.48936170212766,0.0876385372388315,NA,NA,NA,FALSE,0.297044914140248,0.442188433491022,FALSE,"KSM only",20,"KSM only","Uncl. Comamonadaceae",0,"Not estimated",0.354392621632297,"q >= 0.05"
