"Genus","Mean_relative_abundance_percent","Prevalence","Prevalence_samples","Inhibitory_ASVs","Max_identity","Max_query_coverage","Whole_ANCOMBC2_global_q","Whole_ANCOMBC2_robust_global","Whole_ALDEx2_global_q","Anti_only_ANCOMBC2_global_q","Anti_only_ANCOMBC2_robust_global","Anti_only_ALDEx2_global_q","Woodhams_function","Passes_20pct_anti_prevalence","Site_association_supported","Priority_rank"
"Acinetobacter",2.46459364101025,1,47,34,100,100,7.25611482332861e-12,TRUE,0.000143579280604393,1.26132888790166e-08,TRUE,0.000536377836424157,"inhibitory",TRUE,TRUE,1
"Staphylococcus",1.16502177896074,0.702127659574468,33,3,100,100,1.84439661239607e-11,TRUE,0.000677666097448079,0.00202505604666735,TRUE,0.00698676237190802,"inhibitory",TRUE,TRUE,2
"Unclassified_Alcaligenaceae",0.785008710681923,0.51063829787234,24,1,98.814,100,0.0013427364327417,TRUE,0.00178066772555351,NA,NA,NA,"inhibitory",TRUE,FALSE,3
"Stenotrophomonas",0.767145444569014,0.702127659574468,33,13,100,100,0.0153159480642158,TRUE,0.022583007911928,0.00775972722175399,TRUE,0.0871948003206517,"inhibitory",TRUE,FALSE,4
"Pseudomonas",0.603820427403919,0.851063829787234,40,35,100,100,7.24645824593032e-06,TRUE,0.0343949729890745,0.000267092039591147,TRUE,0.101612480845125,"inhibitory",TRUE,FALSE,5
"Chryseobacterium",0.511771027233119,0.51063829787234,24,23,100,100,3.66266734585033e-06,TRUE,0.202690313800459,0.9433528100645,FALSE,0.749868987930113,"inhibitory",TRUE,FALSE,6
"Unclassified_Bacillaceae",0.376798849147056,0.829787234042553,39,1,97.233,100,1.10361800697654e-05,TRUE,0.00169363998286754,0.25702440623077,FALSE,0.009613109363817,"inhibitory",TRUE,TRUE,7
"Micrococcus",0.283268512884546,0.659574468085106,31,3,100,100,4.17033202600811e-05,TRUE,0.00774339855546675,0.114260351297383,FALSE,0.0424830914320375,"inhibitory",TRUE,TRUE,8
"Sphingobacterium",0.241105547847009,0.297872340425532,14,5,100,100,NA,NA,NA,NA,NA,NA,"inhibitory",TRUE,FALSE,9
"Klebsiella",0.204924591736645,0.404255319148936,19,1,100,100,0.0852518417278762,FALSE,0.171665956531644,NA,NA,NA,"inhibitory",TRUE,FALSE,10
"Amnibacterium",0.195339111963447,0.723404255319149,34,5,98.024,100,NA,NA,NA,NA,NA,NA,"inhibitory",TRUE,FALSE,11
"Burkholderia-Caballeronia-Paraburkholderia",0.176191130991787,0.723404255319149,34,18,100,100,0.0290587338433046,FALSE,0.406300750345932,0.0286997569013,TRUE,0.0379833813868426,"inhibitory",TRUE,FALSE,12
"Allorhizobium-Neorhizobium-Pararhizobium-Rhizobium",0.173821628617366,0.808510638297872,38,16,100,100,0.105009741426036,FALSE,0.828815924070811,0.25702440623077,FALSE,0.101291993469113,"inhibitory",TRUE,FALSE,13
"Streptomyces",0.171447802460172,0.382978723404255,18,17,100,100,0.0120830316716973,FALSE,0.648501660749778,NA,NA,NA,"inhibitory",TRUE,FALSE,14
"Brevibacterium",0.15995877372555,0.48936170212766,23,5,100,100,NA,NA,NA,NA,NA,NA,"inhibitory",TRUE,FALSE,15
"Brevundimonas",0.145752761578584,0.74468085106383,35,19,100,100,3.33347664918592e-05,TRUE,0.0095592304243841,0.270856469919987,FALSE,0.831653172382481,"inhibitory",TRUE,FALSE,16
"Novosphingobium",0.140380493714845,0.595744680851064,28,25,100,100,0.105009741426036,FALSE,0.0990203370970604,0.0328744093237259,TRUE,0.171254524937274,"inhibitory",TRUE,FALSE,17
"Brachybacterium",0.131624696959877,0.531914893617021,25,4,100,100,NA,NA,NA,NA,NA,NA,"inhibitory",TRUE,FALSE,18
"Curtobacterium",0.110020707869042,0.51063829787234,24,4,100,100,0.00316271743455261,TRUE,0.0538205690830252,0.00559087236833637,TRUE,0.0367432039502852,"inhibitory",TRUE,TRUE,19
"Luteibacter",0.0985823837948575,0.425531914893617,20,8,100,100,NA,NA,NA,NA,NA,NA,"inhibitory",TRUE,FALSE,20
"Unclassified_Bacteria",0.0902921719747912,0.234042553191489,11,2,100,100,1.61371629462528e-07,TRUE,0.0235752912533015,NA,NA,NA,"inhibitory",TRUE,FALSE,21
"Bosea",0.0887096212061199,0.617021276595745,29,10,100,100,0.0710945933990008,FALSE,0.303569069261061,0.108707549268884,FALSE,0.0182313661344324,"inhibitory",TRUE,FALSE,22
"Unclassified_Comamonadaceae",0.0876385372388315,0.48936170212766,23,20,99.209,100,0.0232273077005065,FALSE,0.847775592856464,NA,NA,NA,"inhibitory",TRUE,FALSE,23
"Unclassified_Microbacteriaceae",0.0816817510159898,0.553191489361702,26,14,98.814,100,0.00578155824646901,FALSE,0.432317657449177,NA,NA,NA,"inhibitory",TRUE,FALSE,24
"Paenibacillus",0.0779129757206211,0.276595744680851,13,9,100,100,0.000514041793069245,FALSE,0.411982028160385,NA,NA,NA,"inhibitory",TRUE,FALSE,25
"Duganella",0.0384020066541396,0.212765957446809,10,3,100,100,NA,NA,NA,NA,NA,NA,"inhibitory",TRUE,FALSE,26
"Flavobacterium",0.0349454049763253,0.25531914893617,12,13,100,100,0.000522218848521378,TRUE,0.214473819877448,NA,NA,NA,"inhibitory",TRUE,FALSE,27
"Thermomonas",0.0337101321835025,0.297872340425532,14,9,100,100,NA,NA,NA,NA,NA,NA,"inhibitory",TRUE,FALSE,28
"Salmonella",0.102817494093767,0.0851063829787234,4,1,100,100,NA,NA,NA,NA,NA,NA,"inhibitory",FALSE,FALSE,29
"Citrobacter",0.0895411204182364,0.127659574468085,6,2,100,100,NA,NA,NA,NA,NA,NA,"inhibitory",FALSE,FALSE,30
"Lactococcus",0.0435324014725781,0.170212765957447,8,3,99.605,100,NA,NA,NA,NA,NA,NA,"inhibitory",FALSE,FALSE,31
"Serratia",0.0383264342657872,0.170212765957447,8,1,100,100,NA,NA,NA,NA,NA,NA,"inhibitory",FALSE,FALSE,32
"Pantoea",0.0339349532928487,0.0851063829787234,4,1,99.605,100,NA,NA,NA,NA,NA,NA,"inhibitory",FALSE,FALSE,33
"Unclassified_Enterobacteriaceae",0.0338193038225839,0.127659574468085,6,6,99.605,100,NA,NA,NA,NA,NA,NA,"inhibitory",FALSE,FALSE,34
"Cronobacter",0.029060542201969,0.0212765957446809,1,1,100,100,NA,NA,NA,NA,NA,NA,"inhibitory",FALSE,FALSE,35
"Escherichia-Shigella",0.0258331058593439,0.148936170212766,7,1,99.209,100,NA,NA,NA,NA,NA,NA,"inhibitory",FALSE,FALSE,36
"Cellulomonas",0.0223809436162434,0.127659574468085,6,1,97.628,100,NA,NA,NA,NA,NA,NA,"inhibitory",FALSE,FALSE,37
"Pseudactinotalea",0.0208150583886973,0.127659574468085,6,1,97.233,100,NA,NA,NA,NA,NA,NA,"inhibitory",FALSE,FALSE,38
"Kitasatospora",0.0181556470487514,0.106382978723404,5,3,100,100,NA,NA,NA,NA,NA,NA,"inhibitory",FALSE,FALSE,39
"Leucobacter",0.0172945658050656,0.0851063829787234,4,5,98.419,100,NA,NA,NA,NA,NA,NA,"inhibitory",FALSE,FALSE,40
"Macrococcus",0.0156449696633918,0.170212765957447,8,4,98.024,100,NA,NA,NA,NA,NA,NA,"inhibitory",FALSE,FALSE,41
"Aquabacterium",0.0147858682354152,0.170212765957447,8,4,99.209,100,NA,NA,NA,NA,NA,NA,"inhibitory",FALSE,FALSE,42
"Comamonas",0.0147260634283867,0.0425531914893617,2,1,100,100,NA,NA,NA,NA,NA,NA,"inhibitory",FALSE,FALSE,43
"Aurantimicrobium",0.0145325145566191,0.0425531914893617,2,2,98.024,100,NA,NA,NA,NA,NA,NA,"inhibitory",FALSE,FALSE,44
"Streptacidiphilus",0.0143678017695411,0.0851063829787234,4,4,99.209,100,NA,NA,NA,NA,NA,NA,"inhibitory",FALSE,FALSE,45
"Unclassified_Staphylococcaceae",0.0134726655477081,0.170212765957447,8,2,100,100,NA,NA,NA,NA,NA,NA,"inhibitory",FALSE,FALSE,46
"Rhizobacter",0.012652421420373,0.170212765957447,8,8,99.605,100,NA,NA,NA,NA,NA,NA,"inhibitory",FALSE,FALSE,47
"Piscinibacter",0.0123284398218138,0.191489361702128,9,4,98.419,100,NA,NA,NA,NA,NA,NA,"inhibitory",FALSE,FALSE,48
"Gulbenkiania",0.00962741888899586,0.0212765957446809,1,1,98.024,100,NA,NA,NA,NA,NA,NA,"inhibitory",FALSE,FALSE,49
"Leptothrix",0.00853726171217622,0.106382978723404,5,4,98.814,100,NA,NA,NA,NA,NA,NA,"inhibitory",FALSE,FALSE,50
"Methylibium",0.00843027237747365,0.0851063829787234,4,3,98.024,100,NA,NA,NA,NA,NA,NA,"inhibitory",FALSE,FALSE,51
"Empedobacter",0.00829655659048728,0.0638297872340425,3,1,100,100,NA,NA,NA,NA,NA,NA,"inhibitory",FALSE,FALSE,52
"Bacillus",0.00790988007759638,0.106382978723404,5,2,100,100,1.71665925349313e-05,TRUE,0.00848024339456087,NA,NA,NA,"inhibitory",FALSE,FALSE,53
"Lysinibacillus",0.00743639312534174,0.106382978723404,5,3,99.605,100,NA,NA,NA,NA,NA,NA,"inhibitory",FALSE,FALSE,54
"Luteimonas",0.00740245082965134,0.127659574468085,6,4,97.628,100,NA,NA,NA,NA,NA,NA,"inhibitory",FALSE,FALSE,55
"Pseudarthrobacter",0.0066167653459523,0.0638297872340425,3,1,100,100,NA,NA,NA,NA,NA,NA,"inhibitory",FALSE,FALSE,56
"Kosakonia",0.00659667631671685,0.0212765957446809,1,1,99.605,100,NA,NA,NA,NA,NA,NA,"inhibitory",FALSE,FALSE,57
"Shinella",0.00630996645192499,0.0425531914893617,2,3,98.814,100,NA,NA,NA,NA,NA,NA,"inhibitory",FALSE,FALSE,58
"Achromobacter",0.0059930738196094,0.0851063829787234,4,2,97.628,100,NA,NA,NA,NA,NA,NA,"inhibitory",FALSE,FALSE,59
"Helcobacillus",0.00596693423394261,0.0212765957446809,1,1,98.419,100,NA,NA,NA,NA,NA,NA,"inhibitory",FALSE,FALSE,60
"Actinotalea",0.00561724513034382,0.0638297872340425,3,2,98.024,100,NA,NA,NA,NA,NA,NA,"inhibitory",FALSE,FALSE,61
"Pseudoclavibacter",0.0052119914508063,0.0851063829787234,4,3,98.419,100,NA,NA,NA,NA,NA,NA,"inhibitory",FALSE,FALSE,62
"Arthrobacter",0.00506752200235825,0.0638297872340425,3,1,97.233,100,NA,NA,NA,NA,NA,NA,"inhibitory",FALSE,FALSE,63
"Leifsonia",0.00499199497947933,0.0212765957446809,1,1,98.419,100,NA,NA,NA,NA,NA,NA,"inhibitory",FALSE,FALSE,64
"Pedobacter",0.00484315130750575,0.0851063829787234,4,2,98.814,100,0.000515964495291306,FALSE,0.405970308824957,NA,NA,NA,"inhibitory",FALSE,FALSE,65
"Unclassified_Rhizobiaceae",0.00475648943011508,0.0425531914893617,2,2,97.628,100,0.00505392334894191,FALSE,0.282397636126769,NA,NA,NA,"inhibitory",FALSE,FALSE,66
"Niabella",0.00429517342874749,0.106382978723404,5,4,98.024,100,NA,NA,NA,NA,NA,NA,"inhibitory",FALSE,FALSE,67
"Erwinia",0.00423179145305879,0.0212765957446809,1,1,100,100,NA,NA,NA,NA,NA,NA,"inhibitory",FALSE,FALSE,68
"Terrimonas",0.0041758236373577,0.0851063829787234,4,4,100,100,NA,NA,NA,NA,NA,NA,"inhibitory",FALSE,FALSE,69
"Lysobacter",0.00415003205774505,0.106382978723404,5,4,99.606,100,NA,NA,NA,NA,NA,NA,"inhibitory",FALSE,FALSE,70
"Unclassified_Rhodanobacteraceae",0.00378339660920445,0.0851063829787234,4,4,97.233,100,NA,NA,NA,NA,NA,NA,"inhibitory",FALSE,FALSE,71
"Unclassified_Micrococcaceae",0.00349546404758124,0.0425531914893617,2,1,100,100,NA,NA,NA,NA,NA,NA,"inhibitory",FALSE,FALSE,72
"Chryseomicrobium",0.00331838033136902,0.0425531914893617,2,1,97.233,100,NA,NA,NA,NA,NA,NA,"inhibitory",FALSE,FALSE,73
"Mucilaginibacter",0.00310665288684806,0.0638297872340425,3,1,97.233,100,0.0484638847426059,FALSE,0.417780801884001,NA,NA,NA,"inhibitory",FALSE,FALSE,74
"Unclassified_Streptomycetaceae",0.00302262319886212,0.0425531914893617,2,1,98.024,100,NA,NA,NA,NA,NA,NA,"inhibitory",FALSE,FALSE,75
"Dyella",0.00295166536973751,0.0425531914893617,2,2,97.628,100,NA,NA,NA,NA,NA,NA,"inhibitory",FALSE,FALSE,76
"Unclassified_Caulobacteraceae",0.0029031038598028,0.0212765957446809,1,1,97.233,100,2.9973029037104e-06,TRUE,0.0110421838468396,NA,NA,NA,"inhibitory",FALSE,FALSE,77
"Pseudoxanthomonas",0.00273712484101227,0.0851063829787234,4,3,99.209,100,0.001460157811223,FALSE,0.3545064805875,NA,NA,NA,"inhibitory",FALSE,FALSE,78
"Citricoccus",0.00237740589494949,0.0425531914893617,2,2,98.419,100,NA,NA,NA,NA,NA,NA,"inhibitory",FALSE,FALSE,79
"Ottowia",0.0022861086783407,0.0212765957446809,1,1,98.814,100,NA,NA,NA,NA,NA,NA,"inhibitory",FALSE,FALSE,80
"Chitinimonas",0.00224216193605225,0.0638297872340425,3,2,99.606,100,NA,NA,NA,NA,NA,NA,"inhibitory",FALSE,FALSE,81
"Dermabacter",0.00217603449516837,0.0212765957446809,1,1,97.233,100,NA,NA,NA,NA,NA,NA,"inhibitory",FALSE,FALSE,82
"Silvimonas",0.00216174153530922,0.0425531914893617,2,2,100,100,NA,NA,NA,NA,NA,NA,"inhibitory",FALSE,FALSE,83
"Pandoraea",0.00195454291617803,0.0212765957446809,1,1,99.209,100,NA,NA,NA,NA,NA,NA,"inhibitory",FALSE,FALSE,84
"Unclassified_Pseudomonadaceae",0.00187150352754421,0.0212765957446809,1,1,97.233,100,NA,NA,NA,NA,NA,NA,"inhibitory",FALSE,FALSE,85
"Salinicoccus",0.00180803676112509,0.0638297872340425,3,1,98.024,100,NA,NA,NA,NA,NA,NA,"inhibitory",FALSE,FALSE,86
"Raoultella",0.00179383303349318,0.0212765957446809,1,1,99.605,100,NA,NA,NA,NA,NA,NA,"inhibitory",FALSE,FALSE,87
"Microbacterium",0.00173348610306474,0.0425531914893617,2,2,99.605,100,NA,NA,NA,NA,NA,NA,"inhibitory",FALSE,FALSE,88
"Rubrivivax",0.00167984757593574,0.0212765957446809,1,1,97.628,100,NA,NA,NA,NA,NA,NA,"inhibitory",FALSE,FALSE,89
"Unclassified_Planococcaceae",0.00161035036014822,0.0425531914893617,2,2,99.605,100,8.53061502801257e-05,TRUE,0.00179584532900948,NA,NA,NA,"inhibitory",FALSE,FALSE,90
"Massilia",0.00158631179109331,0.0212765957446809,1,2,98.419,100,NA,NA,NA,NA,NA,NA,"inhibitory",FALSE,FALSE,91
"Planomicrobium",0.00154380994927619,0.0212765957446809,1,1,97.628,100,NA,NA,NA,NA,NA,NA,"inhibitory",FALSE,FALSE,92
"Inhella",0.00135927872787046,0.0212765957446809,1,1,97.628,100,NA,NA,NA,NA,NA,NA,"inhibitory",FALSE,FALSE,93
"Elizabethkingia",0.0013260671596909,0.0638297872340425,3,3,100,100,NA,NA,NA,NA,NA,NA,"inhibitory",FALSE,FALSE,94
"Paenochrobactrum",0.00119338684678852,0.0212765957446809,1,1,98.024,100,NA,NA,NA,NA,NA,NA,"inhibitory",FALSE,FALSE,95
"Ralstonia",0.0010117259032183,0.0212765957446809,1,1,98.031,100,NA,NA,NA,NA,NA,NA,"inhibitory",FALSE,FALSE,96
"Agromyces",0.000986027983474171,0.0212765957446809,1,1,97.628,100,NA,NA,NA,NA,NA,NA,"inhibitory",FALSE,FALSE,97
"Solibacillus",0.000981324037172058,0.0212765957446809,1,1,98.814,100,NA,NA,NA,NA,NA,NA,"inhibitory",FALSE,FALSE,98
"Frateuria",0.000878296339314088,0.0212765957446809,1,1,98.419,100,NA,NA,NA,NA,NA,NA,"inhibitory",FALSE,FALSE,99
"Paucibacter",0.000868694552265385,0.0212765957446809,1,1,99.209,100,NA,NA,NA,NA,NA,NA,"inhibitory",FALSE,FALSE,100
"Ideonella",0.000705764047990008,0.0212765957446809,1,1,98.814,100,NA,NA,NA,NA,NA,NA,"inhibitory",FALSE,FALSE,101
"Janthinobacterium",0.000681427356680008,0.0212765957446809,1,1,99.605,100,NA,NA,NA,NA,NA,NA,"inhibitory",FALSE,FALSE,102
"Incertae Sedis",0.00056065947354938,0.0212765957446809,1,1,97.233,100,NA,NA,NA,NA,NA,NA,"inhibitory",FALSE,FALSE,103
"Andreprevotia",0.000484569481802758,0.0425531914893617,2,1,97.244,100,NA,NA,NA,NA,NA,NA,"inhibitory",FALSE,FALSE,104
"Delftia",0.000449933297388662,0.0212765957446809,1,1,98.814,100,NA,NA,NA,NA,NA,NA,"inhibitory",FALSE,FALSE,105
"Cnuibacter",0.000422341990681645,0.0212765957446809,1,1,98.024,100,NA,NA,NA,NA,NA,NA,"inhibitory",FALSE,FALSE,106
"Viridibacillus",0.000382095319026666,0.0212765957446809,1,1,98.814,100,NA,NA,NA,NA,NA,NA,"inhibitory",FALSE,FALSE,107
"Tahibacter",0.000337606821867592,0.0212765957446809,1,1,97.233,100,NA,NA,NA,NA,NA,NA,"inhibitory",FALSE,FALSE,108
"Unclassified_Cellulomonadaceae",0.000328735690751761,0.0212765957446809,1,1,97.233,100,NA,NA,NA,NA,NA,NA,"inhibitory",FALSE,FALSE,109
"Unclassified_Weeksellaceae",0.000276223763346212,0.0212765957446809,1,1,97.628,100,NA,NA,NA,NA,NA,NA,"inhibitory",FALSE,FALSE,110
"Amantichitinum",0.000215638259057454,0.0212765957446809,1,1,99.209,100,NA,NA,NA,NA,NA,NA,"inhibitory",FALSE,FALSE,111
